fn_video,frame_number,distance_face234_hand8,distance_face200_hand8,distance_face214_hand8,distance_face234_hand9,distance_face200_hand9,distance_face214_hand9,distance_face234_hand12,distance_face200_hand12,distance_face214_hand12,distance_hand0_hand4,distance_hand0_hand8,distance_hand0_hand12,distance_hand0_hand16,distance_hand0_hand20,thumb_index_angle,lip_width,lip_height,lip_area,lip_curvature,lip_velocity_x,lip_velocity_y,lip_acceleration_x,lip_acceleration_y,hand8_velocity_x,hand8_velocity_y
ssirt0979.mp4,1,,,,,,,,,,,,,,,,0.34165171427883134,0.15211995663445085,0.05197204396018162,7.7583945223742035,,,,,,
ssirt0979.mp4,2,,,,,,,,,,,,,,,,0.34057523813583035,0.15360921156854862,0.052315493809815594,7.685664477391616,0.0015757679867464064,-0.0020153032703595455,,,,
ssirt0979.mp4,3,,,,,,,,,,,,,,,,0.3416621576048981,0.1507953389098106,0.051521060848687725,7.711517962595007,0.00031995289070993027,-0.0006872988033558965,-0.001255815096036476,0.0013280044670036491,,
ssirt0979.mp4,4,,,,,,,,,,,,,,,,0.3397182596108437,0.15207851138493295,0.0516638472118973,7.663068372435883,-0.001087039946186988,-0.0005467195020009658,-0.0014069928368969182,0.00014057930135493064,,
ssirt0979.mp4,5,,,,,,,,,,,,,,,,0.34005235208068346,0.1532502405956782,0.05211310477149102,7.673239901441107,0.0007078957706957207,-0.00047612989548771495,0.0017949357168827087,7.058960651325089e-05,,
ssirt0979.mp4,6,,,,,,,,,,,,,,,,0.3331408095263613,0.16660465269787,0.05550280887062669,7.640367096739707,-0.00035714741425495964,-0.015458523914650281,-0.0010650431849506803,-0.014982394019162565,,
ssirt0979.mp4,7,,,,,,,,,,,,,,,,0.33324316772808554,0.1612557011856009,0.05373736067730324,7.66714791254021,-0.0007938831100740145,0.0009084662390595082,-0.0004367356958190548,0.01636699015370979,,
ssirt0979.mp4,8,,,,,,,,,,,,,,,,0.324567024422184,0.20675691448954323,0.06710647651458299,7.0632946462700055,-0.006123898328188065,-0.016969901382141314,-0.005330015218114051,-0.017878367621200823,,
ssirt0979.mp4,9,,,,,,,,,,,,,,,,0.27938126863956136,0.30899260467567546,0.08632674589453267,5.68818669165924,-0.015316144878284362,-0.04229737221073939,-0.009192246550096296,-0.025327470828598077,,
ssirt0979.mp4,10,,,,,,,,,,,,,,,,0.28489362199706925,0.3072413771773764,0.08753110877143044,5.981962244416819,0.0034066984038339824,0.0036820578604012163,0.018722843282118345,0.04597943007114061,,
ssirt0979.mp4,11,,,,,,,,,,,,,,,,0.2838465788242456,0.30724154671706383,0.0872094619083082,5.959952460698894,0.0008950682117610299,0.0005271223874449825,-0.0025116301920729525,-0.003154935472956234,,
ssirt0979.mp4,12,,,,,,,,,,,,,,,,0.28586944282750465,0.35592187501652617,0.10174718810109508,5.588154276792135,0.004243775154153837,-0.00043613578414934613,0.0033487069423928074,-0.0009632581715943286,,
ssirt0979.mp4,13,,,,,,,,,,,,,,,,0.28004843491449294,0.35620794192719807,0.0997554766408244,5.621401085605452,0.00042513740353081984,0.008619530875725893,-0.0038186377506230175,0.00905566665987524,,
ssirt0979.mp4,14,2.054736318874128,0.9065875200343751,1.291465530858424,3.141626498638667,2.191004319944117,2.4599297402437914,3.28762693342353,2.2967236467182386,2.5904570494802446,1.0965097792250615,1.331960830346031,0.5828187258257608,0.4664838133012824,0.3953947583840397,1.458467070267679,0.2852161653532938,0.3501961066112678,0.09988159064931906,5.802260992569013,0.0016853518518145576,0.011368126177480516,0.0012602144482837378,0.0027485953017546225,,
ssirt0979.mp4,15,2.054251734316598,0.9066295946136523,1.2931547699397214,3.1301986150901433,2.1811715877758857,2.450549487729274,3.3051301850075174,2.3154269345082525,2.6095065725554534,1.0913939628248892,1.3283076288163156,0.5721915365728268,0.4716631718528874,0.39590947530352255,1.4929608392473066,0.2810009569007557,0.34696968064618533,0.0974988122771277,5.835260284596071,0.0002707601337632785,0.0023644518623463845,-0.001414591718051279,-0.00900367431513413,-0.0002425924112255958,0.0008689563385617612
ssirt0979.mp4,16,1.5781462235438333,0.5161577336922942,0.805497088872272,2.568659848641044,1.7032321659410548,1.9070280365762877,2.6905943778970154,1.7424952223232935,1.9994213685758164,1.0520041860810325,1.2795206423615033,0.5929967577686414,0.4847507914724782,0.4117013618138336,1.1477275306870778,0.28215270990593616,0.3492140633832943,0.09853169432085984,5.822607076165876,0.0002995558939271722,-0.004036005745749449,2.8795760163893716e-05,-0.006400457608095833,-0.13609812991646825,-0.2578936172221008
ssirt0979.mp4,17,1.5443238086090845,0.47585341774942347,0.7735988283850814,2.575567897841646,1.7095893760803713,1.91542028349906,2.7012249207194707,1.7588280722174898,2.0153871253090516,1.0558215473476762,1.2821015302670544,0.5865586108909816,0.49060689879095054,0.41826034587405336,1.1599858139053199,0.2797976733122813,0.35378528914969665,0.0989883007561978,5.7362009646164,-0.0015541711666234863,-0.004581125483295747,-0.0018537270605506586,-0.0005451197375462985,0.002045519012953376,0.0017654752147389199
ssirt0979.mp4,18,1.30017944328897,0.40010632669046764,0.5478888323232417,2.3859872901009402,1.5893377863579152,1.7510148206214582,2.376227009532966,1.4905519163529362,1.7089196291373911,1.0328547598046893,1.2778036158939743,0.653393986615183,0.5079057446158707,0.43087638145922863,0.521532016049645,0.2716982982531352,0.3509306102766896,0.09534724961711076,5.419775345037336,-0.004757699484856663,-0.014665640657360106,-0.003203528318233177,-0.010084515174064359,-0.07186752842321914,-0.09549840680846301
ssirt0979.mp4,19,1.2099011693723682,0.4898688548313077,0.49307049128372815,2.267565765755151,1.5437645766080776,1.6584154903551447,1.7873400851707633,0.8513536402795993,1.0823195531963379,0.869678911285274,1.2393216503248927,0.9494629732225661,0.5198969334452801,0.4427467130322673,0.11919903446369007,0.2664795904032147,0.34666156698046097,0.09237823237748981,5.488670287590201,7.598881154360844e-05,-0.02506370966431908,0.0048336882964002716,-0.010398069006958973,-0.06777817360571638,-0.0350531306147449
ssirt0979.mp4,20,1.1588593694447233,0.5221774017319625,0.4637383003654644,2.256486316364577,1.5546522495173238,1.660743826092073,1.6635494650293636,0.7590426509496279,0.9620640780263676,0.7991457237640439,1.2584240717055442,1.0043944663517355,0.5302418955525868,0.45062126762137095,0.10524063029342728,0.2551797873585375,0.3480276114669105,0.08880961188902595,5.335387508313527,-0.004080199238778386,-0.00438635416107645,-0.004156188050321994,0.02067735550324263,-0.023929121874326314,-0.03331658554445002
ssirt0979.mp4,21,1.0440319920141212,0.6538278058757839,0.4341851298993206,2.230349576100719,1.5432642117076878,1.6403485284309525,1.373912899413115,0.5492331529154783,0.6602932079638255,0.7080840501073615,1.3171508557954434,1.144420153477398,0.5196599729806658,0.4350405993507254,0.2796880885033115,0.27436051511697146,0.3427630553127939,0.0940406484186851,5.526284164072107,0.0024396407916632184,-0.006224283547648306,0.006519840030441604,-0.0018379293865718556,-0.0732990971708158,-0.0912774461338728
ssirt0979.mp4,22,0.9924752891588997,0.781523295724493,0.486679438413304,2.20095432621225,1.5193168235632766,1.6078338754498975,1.2619719282468111,0.5014635162978736,0.5356426379942562,0.7058921724093138,1.3636433315285943,1.2227638897493815,0.5371748555518461,0.44360715393664507,0.4789235838095424,0.2772850640617582,0.3338039254724758,0.0925588428587018,5.63880011965588,-0.003874229565383868,0.0014349887148340371,-0.006313870357047086,0.007659272262482343,-0.05778054688914514,-0.059144261297955615
ssirt0979.mp4,23,0.9835819490195088,0.7822734412735821,0.4853897880468832,2.193336867570792,1.5195245166882274,1.6050020801494325,1.256138058375804,0.49752246013557666,0.5321445265829059,0.7077904306462699,1.3679818268688448,1.2290561604960084,0.5364940241706355,0.4484299916360787,0.5617633687369429,0.2798027684144272,0.3324387328413616,0.09301727777719714,5.513932155801335,-0.0010198498391379028,-0.0006844992155621846,0.002854379726245965,-0.0021194879303962216,-0.0026005569841703073,0.0010180254828402596
ssirt0979.mp4,24,1.0292685590691157,1.0785241177824303,0.7394797101769404,2.1718031856984377,1.4959929589697076,1.5758966527934255,1.1324937061167404,0.47635385191375673,0.40992355490782983,0.8586618075146035,1.399499447946583,1.3003658779594234,0.5441620060059875,0.44399320108265744,0.9308731204678906,0.2932720969799284,0.3134710906828415,0.09193232410714222,6.0160252847606435,-0.0029619638857471793,0.0022652664662263064,-0.0019421140466092765,0.002949765681788491,-0.14748724398051624,-0.06135168391926814
ssirt0979.mp4,25,1.142877092916333,1.09813330967224,0.7993987267254349,2.2110773889354887,1.520513448522605,1.6048304293106108,1.1774652715364267,0.5444829294696399,0.4813702224182174,0.7651678897603462,1.3281162179518011,1.2592648494440235,0.4959820557428159,0.40586154978848304,1.018220750941434,0.2977026610870698,0.30897764133245254,0.09198346604107732,6.056841997560291,-0.0027743915035684827,-0.0022292717660218116,0.00018757238217869667,-0.004494538232248118,0.004980824068467935,0.00736340556432086
ssirt0979.mp4,26,1.028573167985057,0.9924039815464752,0.6694707350746771,2.1761696475163794,1.4978034331594245,1.5737406274158994,1.097338510824477,0.5463797932024649,0.4124538570041785,0.8081359394167638,1.3455751467070913,1.2806394414935707,0.5101046892048701,0.4078180585346964,0.8559622670538296,0.3033600311226018,0.29132344483894024,0.08837588929308447,6.38283548227491,0.0003987412900472506,-0.0012892101790039528,0.0031731327936157334,0.0009400615870178589,0.04063086246347951,-0.002736686463843104
ssirt0979.mp4,27,0.9865630438877808,0.8371594324731707,0.5328813502250105,2.156242095538506,1.487460780286233,1.5591592480417507,1.07014269489746,0.5655865744003441,0.4041511949488714,0.8293216562663808,1.337167318009572,1.297205172967631,0.5202309410508756,0.42300318754272753,0.6246339953839422,0.3046837233921343,0.29694553716751454,0.09047447190887573,6.277900255407405,-0.0030027578793126956,-0.004315964525120638,-0.0034014991693599463,-0.003026754346116685,0.08108751285714527,0.007969255389233548
ssirt0979.mp4,28,0.9762188378972599,0.843535266790865,0.5305725651120513,2.165208413275419,1.4915586099435985,1.5676805227948782,1.0522429695509863,0.5593375639298227,0.3860443090650694,0.8454077076618903,1.353785838812526,1.3187500561811356,0.5275480901193058,0.43887359474434473,0.6271807145863102,0.306799271628986,0.2984748818642249,0.09157187635549184,6.202403115256035,0.0017761384845535004,-0.0023990467686540234,0.004778896363866196,0.0019169177564666148,-0.0031196163757518727,-0.0034082866170369926
ssirt0979.mp4,29,0.9044189730952481,0.6929715153246334,0.37971669984273515,2.036239655951356,1.3756405780296657,1.4450835993234092,0.9657400403017835,0.52841248105503,0.30796221810464414,0.8047871009401226,1.2979626652379077,1.289086267728189,0.5120197634600187,0.3986859659776707,0.5303961626340785,0.2921588163994602,0.30501429778532574,0.08911261622587326,6.0329797331499435,-0.015395733159848457,-0.006767603550185106,-0.017171871644401957,-0.004368556781531083,0.07154666682120783,-0.0031304520298523863
ssirt0979.mp4,30,0.8862438632462417,0.6835375425627639,0.3693473025918737,1.9882869977884392,1.3378210541216622,1.4024428545305365,0.9523406065103591,0.5197492902634826,0.305191293434533,0.8088645207689776,1.281818763435508,1.2775273828203073,0.48767631482653273,0.3964918628163883,0.4907863637900231,0.297988472847581,0.299260987674274,0.08917632469991567,6.126655734966523,-0.00945300815602489,0.006395658314734812,0.005942725003823568,0.01316326186491992,0.012608282951165508,-0.01461445696767553
ssirt0979.mp4,31,0.7595151098832971,0.5841550501661404,0.20562123484268993,1.776563402436328,1.1127683166079805,1.1694814562046552,0.8527498385387317,0.42816908257825076,0.16319806593463815,0.6771753006585892,1.2257995002766542,1.2125883877495018,0.5015231595304339,0.39051553204397005,0.5610026753694283,0.3026318188519699,0.3000338877531953,0.09079980116797726,5.929867634344581,-0.013538406629277312,0.014426675842110383,-0.004085398473252422,0.008031017527375572,0.05643734658275815,-0.029994142556016706
ssirt0979.mp4,32,0.7888830552920647,0.5772614495928723,0.23235665877048,1.7672929450897719,1.1038665000286731,1.1610111879045777,0.8762623936054121,0.44754028262745976,0.2234053540731498,0.6914511205808128,1.2097707944930514,1.2050907198433365,0.4615953055363469,0.3573912244403325,0.510096516118698,0.30420783601498197,0.30360405557436315,0.09235873275164934,5.988009274263193,-3.639464131825457e-05,0.0035068836527379016,0.013502011987959058,-0.01091979218937248,0.0069396578486156345,0.001278186381782736
ssirt0979.mp4,33,0.774184775095965,0.496154183349112,0.1545073085094111,1.6913074307438187,1.0170713846750101,1.0722564637689393,0.9090340413365439,0.3211335250071773,0.1947340917501199,0.6426290071617821,1.1707396195757946,1.140337525819475,0.44262728296761594,0.3487306784739126,0.5390909316140823,0.3112252582932732,0.2831033180957058,0.08810890329801872,6.275250583611399,-0.013175660039434928,0.023155390641790667,-0.013139265398116674,0.019648506989052766,0.03899004987116118,0.008145045466925446
ssirt0979.mp4,34,0.7831639077729277,0.4614615753957291,0.13121304562880207,1.6363568269699709,0.9598097152529178,1.0126764243957238,0.8893101153179065,0.33561796833294955,0.1906522766751542,0.6292070124094933,1.1311310064282354,1.119859455682797,0.4324855736943426,0.34352243097343593,0.5046732977745098,0.31124953527882093,0.26879141051586525,0.08366120161000185,6.441270989209886,-0.007144548049552743,0.007202939452107305,0.006031111989882185,-0.015952451189683362,0.013179101001169879,0.009927563166754999
ssirt0979.mp4,35,0.779732670492722,0.48621578735054327,0.16480549673278014,1.614288375387355,0.9608330668925275,0.9953876929705181,0.8813308555631053,0.35965156039856533,0.20671106050695956,0.6126290826710248,1.1262546364755623,1.1194414411760616,0.42930927708075095,0.3295243176037301,0.5402813834849971,0.3215252275129243,0.2507136859352728,0.08061077491094244,6.5624539847169565,0.0001527775053139917,0.0017117479652984993,0.0072973255548667345,-0.005491191486808805,-0.0069802652513619836,-0.009505288258403072
ssirt0979.mp4,36,0.8184756480218823,0.48248848731281335,0.16570957845193823,1.6750244514643675,1.0316681705134265,1.064502044977068,0.9085747643889663,0.34661985367399517,0.19224615092021421,0.6303098468528749,1.1326569234215051,1.1236972940083574,0.4345786325190861,0.34000999560033657,0.45971947668382773,0.3311163366002223,0.22959221742271602,0.07602173394493146,6.75328011884287,0.011494307598754245,0.0007730861721774965,0.011341530093440253,-0.0009386617931210028,-0.013365305930861686,0.031338605268706694
ssirt0979.mp4,37,1.0100782510103745,0.3751980934199454,0.28140663530755733,1.801136381107135,1.1032839703192134,1.1799393120114299,1.1233785817463358,0.27077647851925835,0.3789791959268174,0.5700564620246669,1.0822798617273355,1.0586506984827753,0.4395343662088199,0.35256724554438107,0.3949759564976331,0.34105619994327874,0.25365540984382895,0.08651075017639125,6.451645527233701,0.013953945446086833,-0.012192404812171601,0.0024596378473325884,-0.012965490984349098,0.03174215448356419,0.1410930508553198
ssirt0979.mp4,38,0.9969333892700157,0.38141306395425284,0.2743146538176418,1.7930974730126785,1.1027272954384917,1.176072317636502,1.1173100701186407,0.2620457914831842,0.3729560132729516,0.6169730818980709,1.0833150356018992,1.0640812608186967,0.4248830494888371,0.334321478883125,0.43731855696173966,0.34449260108961627,0.25199289265748764,0.08680968704767439,6.395418915959506,0.0013218053797453993,0.000995853372334658,-0.012632140066341434,0.013188258184506259,-0.003267107512151823,-0.002301156289309923
ssirt0979.mp4,39,1.5446254274394113,0.6728522423613789,0.8698622043967587,2.0066315750496737,1.243784198081667,1.3832406332259046,1.6730857159879504,0.7369937242280478,0.9932859695526982,0.5801496447501518,0.9183922447437081,0.8893709536616304,0.3835084355084309,0.32193945601257856,0.010425135186055385,0.34988685220194,0.2866767934876857,0.10030444087275196,6.429876600627025,0.014639844455546246,-0.024315219870614538,0.013318039075800847,-0.025311073242949195,0.055093304672169156,0.3176994846233514
ssirt0979.mp4,40,1.9269580923174572,1.0225900662902454,1.2634187829534171,2.1580753586776096,1.338289261127085,1.5214723675798543,2.500987706785388,1.6821071141292707,1.8779340787956518,0.5385923355963033,0.7856026772964603,0.4356212242986962,0.3495492440359444,0.2771983520332109,0.11681100671744774,0.340497018978816,0.28862527267511084,0.09827604494782316,6.237275724449443,0.00732572137391724,-0.011571696204194709,-0.007314123081629005,0.012743523666419829,0.01280605993863477,0.1984643677012438
ssirt0979.mp4,41,1.9619652765045215,1.1074796333699095,1.3210318046574423,2.1620721393950677,1.3501234567244196,1.5313074943473515,2.4600726116221447,1.6556957110221648,1.8454321557875728,0.530488619014876,0.7297742935057009,0.438480360501899,0.3498744381192134,0.2802511690943327,0.11254743864335134,0.3415679356535106,0.2903475721770472,0.09917342085052269,6.222174184303633,5.839140255456227e-05,-0.0007064959767988648,-0.007267329971362678,0.010865200227395844,-0.033841536165445364,0.03241838345986867
ssirt0979.mp4,42,2.0661480123101827,1.1689964863548654,1.3796621199746386,2.0938311920184587,1.2697452714150594,1.436743406432916,2.4566552276194527,1.5750225331288652,1.7931221436144191,0.585358765668805,0.6827552353301055,0.47340326822851886,0.35133927104238133,0.2926249700759981,0.44530032209444065,0.3173257469352497,0.29498299858088817,0.09360570035788003,6.4398584744181635,-0.005761951620572457,0.020244419248000755,-0.005820343023127019,0.02095091522479962,-0.04634924741447225,0.022633682606402642
ssirt0979.mp4,43,1.9179464912774322,1.0091584812441794,1.2507260101116175,2.1407132480909783,1.3327203481529795,1.5054947618488317,2.3998501137931947,1.5305828497295697,1.7563467252514648,0.6325860331956633,0.8399675212537036,0.5710270219454203,0.44638644124799093,0.3575136072865713,0.10783786512914519,0.3122773554911029,0.29064695111921174,0.0907624612770593,6.301596520041375,-0.007868841405897347,-0.003251321281283345,-0.00210688978532489,-0.0234957405292841,0.08010094233135445,-0.057640840591613667
ssirt0979.mp4,44,1.498188972749693,0.6176169941967803,0.8230995746592283,2.0976179003004884,1.3124504609475687,1.4694966179286002,1.622640815773501,0.6438356146656614,0.9304661411810958,0.6077397899414305,0.9657627762339311,0.9532044796022195,0.4438741390703926,0.48609278354870794,0.06063851145461328,0.3107073414262712,0.29832544367279545,0.0926919054833871,6.272657885207709,-0.0008414761025671165,0.015033586481676527,0.00702736530333023,0.018284907762959872,-0.0023754278601361466,-0.21835273740073266
ssirt0979.mp4,45,1.1619887047734305,0.3020851299493784,0.40680790749788703,2.0087494965597146,1.216568557444397,1.3502233715030787,1.2295274074459537,0.19284786973628543,0.4693422821360168,0.6848003781650922,1.0882583076765973,1.1093852869636263,1.060619117332715,0.9068863325802405,0.23385297128502033,0.30744235153579524,0.3083229941652365,0.09479154635871759,6.380443703633337,-0.0023768500368613944,0.028405817578340622,-0.0015353739342942778,0.013372231096664095,-0.01245721499690707,-0.2220070880463283
ssirt0979.mp4,46,1.0437918512649134,0.3167178672852994,0.2779658982939994,1.977957809263087,1.1762076222828977,1.3119523022554445,1.1108301643559184,0.19283767536370866,0.34273205641922555,0.7216365501604293,1.1352674505521412,1.1445594407859059,1.069543284652856,0.9239400956392563,0.23250730731811298,0.31014948018581817,0.3316852261220341,0.10287200046706443,6.460929461277072,-0.020720149202375082,0.017947357463260524,-0.018343299165513686,-0.010458460115080098,-0.01808144547780161,-0.07040944914325957
ssirt0979.mp4,47,1.050494074712986,0.31054643585174013,0.2846088141505313,1.9759439467885098,1.1736865274746826,1.3115331203263816,1.1122716723085653,0.1893112926106248,0.3462285480265581,0.7255555090818737,1.1282647835357338,1.143653752299681,1.0713879405382218,0.9232205162353124,0.2426717176876233,0.31293913479377444,0.33177201094016745,0.10382444605240668,6.422516334928833,-0.00029475660056652324,-0.002433041763292326,0.02042539260180856,-0.02038039922655285,0.002899326475879194,0.0016801575887614877
ssirt0979.mp4,48,1.0422318433571265,0.3172163559056509,0.27466750721151384,1.9117379992016819,1.1078980900725819,1.2425481605110575,1.097435502383446,0.18051630769110813,0.3268612122069204,0.713157318855981,1.0988554675101867,1.1198500913041596,1.0554578992062322,0.9225376588552522,0.21287734359519506,0.31404179039571617,0.29815516046502905,0.09363318040815977,6.823099999016073,0.015050983920108507,0.007238734181755478,0.015345740520675031,0.009671775945047804,-0.0042604108715586205,0.006086271187790816
ssirt0979.mp4,49,1.014990185983858,0.35117739815889604,0.2541956529884622,1.8700100395153694,1.094309754203439,1.2182835979643656,1.1040203256983836,0.2167389041581028,0.3363888337110463,0.7279805243024541,1.1104376776401108,1.1070799931579345,1.0520916040981023,0.9307437474387145,0.198853297396303,0.33421567202606123,0.3258362718296329,0.10889958856000712,6.3676815534362525,-0.0016481573282695282,-0.018934212160543962,-0.016699141248378034,-0.02617294634229944,-0.010890779175940408,-0.0247107617769309
ssirt0979.mp4,50,0.8329830842805845,0.6618223355286862,0.2956335186384934,1.887219872482479,1.1562255504780214,1.2469795882463917,1.7453123928897112,0.7575404439457386,1.010373449974408,0.8649321054134307,1.2651897795256235,0.7555350520611356,0.7350398531327892,0.9157830527037645,0.814975196689918,0.3529876279324686,0.34273323331938776,0.12098059104303599,6.508928922550142,0.01048405634633764,0.00027395966267075025,0.012132213674607168,0.01920817182321471,-0.10712569486167572,-0.1448583880550536
ssirt0979.mp4,51,0.8556770009478988,0.8654674696384501,0.4900559224956808,1.943351147584402,1.219692137744769,1.3041765354761679,2.1265368544602574,1.2311188594310811,1.430849820954373,0.8506423194658914,1.3199037073571076,0.5373858898580777,0.48641537184316497,0.5707277104655992,1.0052130521591398,0.35705474375223706,0.3447297799516736,0.12308740324440988,6.669737478376043,0.003752247525800707,0.0025518242739680152,-0.006731808820536932,0.002277864611297265,-0.09183185290193822,-0.03981692599962329
ssirt0979.mp4,52,0.8630933894586305,0.8634595779307834,0.49060430195445237,1.9421709125021687,1.214579613565999,1.3017451085046006,2.144737361841766,1.251483771702872,1.4498103939924418,0.8486066062056011,1.3226256981566755,0.5315139856879055,0.47989627293522985,0.5708228786784397,1.0597324894823863,0.3577753670872542,0.33647813426269696,0.12038358800267081,6.7665518685946076,0.0018849224673948767,0.0010148505752209326,-0.0018673250584058303,-0.0015369736987470826,0.006672027712380632,-0.001620824492520709
ssirt0979.mp4,53,0.9856063700340771,0.8467895203523212,0.5346503617999754,2.0300935110234968,1.2803992874883363,1.383695431102109,2.2513199248234663,1.351106513207372,1.554617544870469,0.8666592790356277,1.3447412033715511,0.5488770946970681,0.4486987755294707,0.3668662304568189,1.268926254558659,0.3546000271626167,0.332639430927672,0.11795395124230985,6.696460156016828,0.005675564340080775,-0.0047523002798263055,0.0037906418726858983,-0.005767150855047238,0.002120632187981596,0.04000239452563835
ssirt0979.mp4,54,0.9425746601218238,0.8155240902898191,0.4869995471987563,2.050583632630393,1.3038809639138795,1.4079210207901567,2.246820506438098,1.3651884031314876,1.5586083814769967,0.8805357616986944,1.3593524210713421,0.5623252289940402,0.4648267741261335,0.3994951602252025,1.2929901043399383,0.35009367609096076,0.33429367425442436,0.11703410131368559,6.419449323904229,-0.0005471194431139807,-0.007208538627694356,-0.006222683783194756,-0.0024562383478680507,0.002764038600408198,0.00899085768993249
ssirt0979.mp4,55,1.0471849981892432,0.6456138796650527,0.4299707061203757,2.1347174970773124,1.3501173183479667,1.4820238803532964,2.148846489039409,1.248994154567453,1.453326818218675,0.8816097888891924,1.3433972596618298,0.6568498030327281,0.5708492291350244,0.5229732729360429,1.5290439226301684,0.35729123548867747,0.312873732638818,0.11178704248647744,6.588092002704703,0.0007446903531273626,0.014313892448135133,0.0012918097962413434,0.02152243107582949,0.07983331219511945,0.07167795707671915
ssirt0979.mp4,56,1.0166382835891568,0.6151857092781272,0.38384641881176207,2.1353514748377838,1.348617353847924,1.4828469872801502,2.1037835235711757,1.1972127532946255,1.4073346436787952,0.8808277985908096,1.3424555664469764,0.6795343900977402,0.5776476683866301,0.5355486198935343,1.5297664348173294,0.3558884537338922,0.31124371288351743,0.11076804371251053,6.611866264900734,-0.0008870693894932817,0.0015837668090145272,-0.0016317597426206442,-0.012730125639120606,0.004133539038107594,0.004240001969660393
ssirt0979.mp4,57,1.016742299287882,0.614494231867185,0.3835866494319049,2.131151711080689,1.3432439895612678,1.4787965635670641,2.1160493839712546,1.208916639284701,1.4200598504477826,0.8779540830685212,1.3391938991179413,0.6696884696603265,0.5742481839951511,0.5358344075546789,1.5418893492804224,0.3530599966503836,0.3098526978028619,0.10939659244839076,6.63886916162813,0.0002927568949995862,0.002774191533011789,0.0011798262844928678,0.0011904247239972617,0.001471334546141016,-0.0007607049980799148
ssirt0979.mp4,58,1.2096467129653148,0.40614794499762397,0.4575320214182581,2.1793491074191413,1.3270496888630992,1.4996745590529863,1.20329127348191,0.2698173381812604,0.4422901778028608,0.8706119736206592,1.232757954387283,1.2626286152780972,1.161431029347551,0.9913573714656359,1.7028981121123015,0.35604762359922,0.31037447715051064,0.11050809501528971,6.697237884694473,-0.00855793994426386,-0.006130497356558957,-0.008850696839263447,-0.008904688889570746,0.10706762417173794,0.1011899656255171
ssirt0979.mp4,59,1.226635032498695,0.3494279507205642,0.4639452377843884,2.166665787849478,1.3064611955077658,1.4873395738028345,1.2676404765334095,0.23592027163574103,0.5023651288899835,0.8597631366770513,1.1847280761555725,1.1872351501248477,1.1104087160309437,0.9395259973780825,1.7096775161320052,0.3569168893108601,0.2926587142387937,0.10445483791582616,6.788486491497772,-0.0049676685693850545,0.0019057194052906497,0.003590271374878806,0.008036216761849607,0.017990552223985948,0.030691727238946663
ssirt0979.mp4,60,1.2701653998839495,0.34112231457520203,0.5026071509582904,2.1743063889754044,1.2980027521202484,1.4867978525992807,1.324352646590554,0.2449426878629042,0.5591319960644653,0.8526606582527387,1.163732794130771,1.1587526501047136,1.0770922229053743,0.9087128303087417,1.734272731296979,0.35703021287185893,0.28891348924011534,0.10315084456494991,6.879741841038851,-0.0022752649940609914,0.0014797821195338,0.002692403575324063,-0.00042593728575684975,0.011496313399277152,0.01947861365364165
ssirt0979.mp4,61,1.2576088099949028,0.29049126903687733,0.4992721344117643,2.159815213056746,1.271701911018039,1.4750542408213823,1.377255628902991,0.2569465127270126,0.6250429798626767,0.8572218065645119,1.1760123529186999,1.1267594368574212,1.0359386831635253,0.8687769485949872,1.6944090817976394,0.372639194864108,0.26709356482525,0.0995295309498656,7.113141278148583,0.002885975074203571,0.001027448720291891,0.0051612400682645625,-0.0004523333992419089,0.025192369781523605,-0.01869392293580463
ssirt0979.mp4,62,1.2544150513084438,0.3021411613363289,0.499728436865075,2.1633316423464093,1.276267870850312,1.481771270517244,1.3882544754362076,0.2721113872131655,0.6384777958109422,0.85521036098645,1.1771074472742498,1.1237425315161622,1.0405161513433954,0.8719194127843675,1.6790684553362107,0.37367037399215963,0.2713091833808849,0.10138020402144268,7.103711361502383,0.004152988521414895,-0.004486939351093384,0.0012670134472113235,-0.005514388071385275,-0.004598314958660361,-0.0007275668326262882
ssirt0979.mp4,63,1.0930771184110126,0.4794022280628028,0.3900817177071982,2.1446178116805465,1.3064975717272822,1.4799672585125565,1.2764312340665467,0.2625037336593366,0.5238895764146383,0.9069441761535205,1.2520062332139923,1.1886012027768822,1.1130475820810979,0.9449787154559605,1.009880633667187,0.37927383332523174,0.27297770201256694,0.10353329945461909,7.104935723717769,-0.001185825401193679,1.0198498391751502e-05,-0.005338813922608573,0.004497137849485136,-0.103565288285128,-0.08516845163262826
ssirt0979.mp4,64,1.1231872012264839,0.5012478473064094,0.4173821390089519,2.1285097673955278,1.3116397266236843,1.4729757378970534,1.191809565373697,0.23180958205046415,0.4400358679443113,0.9295105324345478,1.2021615783167627,1.2246124411481154,1.161061536160966,0.9802253808579432,0.9596372526034411,0.3820437055927026,0.28256240038037256,0.10795118650248642,7.162534273464253,0.002040099619389193,0.0028223844371745997,0.0032259250205828715,0.0028121859387828484,-0.030593154346787974,0.05463420957998007
ssirt0979.mp4,65,1.1396636200504193,0.49387500525976413,0.4297641197675402,2.1307942072431567,1.3128547597289135,1.475912919803348,1.2032084630907083,0.2342844521164815,0.45193188727332184,0.9312288186395229,1.1974025128653278,1.2207429208067722,1.1608996661553288,0.9832695942520692,0.9567207676958641,0.38235646276262075,0.2745645341613775,0.10498152408201104,7.196463444016907,-0.0038998257966406623,0.0002937567477834272,-0.005939925416029855,-0.0025286276893911725,0.004105976500492196,0.009943869248168688
ssirt0979.mp4,66,1.3377627296488819,0.640127037581435,0.6600508896020717,2.1470356251757807,1.352602350492359,1.5029672989162708,1.1219675871880617,0.2588222233551448,0.37475232737570513,0.9058810570862404,1.024332240309686,1.2275367844665863,1.158053107313432,0.9731214964817348,0.6722430527315031,0.3876665470246659,0.2602366161904568,0.10088503040793766,7.250660531894136,0.0032615197796743516,-0.012634539713021758,0.007161345576315014,-0.012928296460805185,-0.041287208540511613,0.13337627672668514
ssirt0979.mp4,67,1.3700506352113986,0.6530344497194656,0.6880179719294924,2.1518469860470453,1.3506999080972288,1.5036699142398253,1.1291297228494488,0.27197130604594005,0.38554467076586524,0.9053090617459605,1.016233001326296,1.2424257763322073,1.1673658096453818,0.9713401165589773,0.6599480442816852,0.3857556984239542,0.25927195741169234,0.10001563501309309,7.25694169801489,0.0007706865254975445,0.002925569244428925,-0.0024908332541768072,0.015560108957450683,-0.0003063439295268582,0.010394443097812758
ssirt0979.mp4,68,1.6087657045885257,0.8260648306779229,0.9407397552243305,2.1092895545299886,1.3086833601907095,1.4603847357000657,1.1789638451865492,0.19779097853443972,0.439368843450904,0.7584065825226239,0.8539337077091413,1.182372569323309,1.1215994471787651,0.9220021295126606,0.2467102501843288,0.38701522328597987,0.2332672290411462,0.090277968732661,7.446555253081877,0.0035510771457668384,-0.033232906846370376,0.002780390620269294,-0.0361584760907993,0.026128233654144115,0.15141427438755867
ssirt0979.mp4,69,1.5708312838784007,0.7814359312882201,0.9084983687835962,2.093330858263901,1.2778990273351145,1.443756444374436,1.2056855695172697,0.2047894077491275,0.47940422764616125,0.7713650883743121,0.8618763983780432,1.1490771038975132,1.0910478100230279,0.9090252782101018,0.19025321149333813,0.38979531624332414,0.23147025751380967,0.09022602222851912,7.657683245834832,-0.017798179427966646,0.009872746354524979,-0.021349256573733485,0.04310565320089536,0.02533565289691357,-0.01130085082336338
ssirt0979.mp4,70,1.608020645235077,0.7691526496532107,0.9251728917473387,2.087922320319334,1.2467919446968074,1.4259543601640865,1.2732024221330964,0.22150661261223534,0.545478082566057,0.7903093710767622,0.8412216505307653,1.112006064092366,1.058361915065255,0.8835364749043576,0.20489513375842405,0.3836299172632929,0.24095568575383164,0.09243780978986244,7.486639778409575,-0.00020516979116774278,-0.00035254809145100443,0.0175930096367989,-0.010225294445975983,0.023172309295680635,0.01426813683855382
ssirt0979.mp4,71,1.5355894671246568,0.709096343676155,0.855049158871912,2.0964441460464265,1.2580816010447773,1.4397204148492095,1.2911074542762606,0.23972510363441346,0.5676475586724362,0.7790375546730223,0.8807913026682844,1.1040913620732722,1.0551714874559235,0.8932274806199021,0.19656262270609165,0.37949104633079844,0.23717664434181526,0.09000641292650312,7.472280154756988,0.00017277456098336235,-2.1596820123292765e-05,0.0003779443521511051,0.00033095127132771166,-0.001084196613222459,-0.03959600489659892
ssirt0979.mp4,72,1.614952244586131,0.7520166522369932,0.925728602155143,2.0724625758312682,1.2077804601299598,1.4007054105654329,1.3119716665621757,0.24156808009021186,0.5797358260689379,0.7087287180955328,0.8197862696479157,1.0718295032662102,1.0241447095070144,0.8581662127753288,0.16294501783873291,0.37960867557088607,0.26991822533435167,0.10246330003161723,7.068155482825174,0.006885786149191086,0.011035575141699255,0.0067130115882077235,0.011057171961822548,0.009157495321927868,0.053860564917294254
ssirt0979.mp4,73,1.5556544096712417,0.6940086092765413,0.8621911908101982,2.0582317295413204,1.1995615511854503,1.3896804409246966,1.3101260857187556,0.23678940869640938,0.5713332041417873,0.7164747701184604,0.8454414305055633,1.0675012947336993,1.021016491791849,0.8700766072495046,0.16756841465617384,0.37744983720222103,0.2727712213982678,0.10295745311022718,7.071587485120665,0.0027663926813007345,0.004989465360064296,-0.004119393467890352,-0.006046109781634959,-0.0007281980357777859,-0.03584834138510689
ssirt0979.mp4,74,1.4625407626986595,0.6407145295619239,0.7583675391030269,1.9821448133310675,1.164392596792278,1.311155231466532,1.1926954548262636,0.1968931868604358,0.43328679429148703,0.7177421982435565,0.8556422662763958,1.0837066726227607,1.0082766198235722,0.8617650158646789,0.1859476340047151,0.36944288213883375,0.26942431165724384,0.09953689421692355,6.822082220932021,0.0006751005993979528,0.012004232518323568,-0.0020912920819027817,0.007014767158259272,-0.02208600867195318,-0.047858664550753625
ssirt0979.mp4,75,0.9625446910487624,0.4429381635770877,0.23802980404525784,1.7946075984895127,1.0471421472762061,1.1438256220216023,0.9185465604594226,0.35764917227073934,0.18236455977813903,0.7339326037719771,1.061447614640413,1.1352624257293038,0.6822827362870547,0.6385426904653801,0.14522947779720108,0.36814558618351745,0.2751788395195104,0.10130587518021023,6.7528468111652336,0.0014621847105443812,0.007471099968633565,0.0007870841111464284,-0.004533132549690003,0.0017398062865780154,-0.29746595200051856
ssirt0979.mp4,76,0.7020650198954839,0.662117359413606,0.24987238606551404,1.6248645980525278,0.9533687783067522,0.997741792200326,0.7536927837611244,0.5720261217480883,0.22696073343953596,0.6401211654009981,1.1601307799965261,1.1764873243451859,0.5266178116414336,0.48431579837267386,0.22251030828440058,0.36291405545217764,0.2741207840514551,0.0994822854238442,6.901827124204936,0.0025120301331863397,0.0023032608719981106,0.0010498454226419585,-0.0051678390966354544,-0.041686549734359125,-0.16604314382719337
ssirt0979.mp4,77,0.5684026730852967,0.7656723173675207,0.33439812677434216,1.4625316396007433,0.8609740333821204,0.8420713020615329,0.6368459907682696,0.6837251986588541,0.3082478501601903,0.6392110576022857,1.1456919800777123,1.157921326982489,0.5159544843728019,0.44891289547351115,0.33520317956691975,0.35724385200894215,0.2760695779268825,0.09862415944108234,6.836864227671588,-0.003195129554852041,0.0022630667901026753,-0.005707159688038381,-4.019408189543522e-05,-0.006812575614114109,-0.06699569209890979
ssirt0979.mp4,78,0.5808824830818303,0.7716466679276248,0.35150423707083933,1.4457376608746695,0.8481546248804058,0.8220380929124835,0.6440753888685762,0.6975583301638812,0.34017411687575033,0.6063179135270996,1.140977390238453,1.1621910716611068,0.48643366074995076,0.4393103387613939,0.39659528895602525,0.3593927476861324,0.2674383834395937,0.09611541546109302,6.845360591365668,0.0021944768891567342,0.002270065759586583,0.005389606444008776,6.9989694839074634e-06,-0.0031696918257706863,-0.0034451068008743554
ssirt0979.mp4,79,0.5373268841847982,0.7717850790960914,0.35891102847294876,1.3158114987084486,0.7490255655510841,0.6944112659063961,0.6325816245527357,0.6829621730325497,0.3357601282094264,0.6423536498587958,1.0956007869850786,1.0998148796625393,0.47684736892294516,0.4084484616026096,0.41509479592189813,0.350308045566494,0.27086431444677384,0.0948859486075576,6.732779555512401,3.199528907099303e-05,0.0036598611286082147,-0.002162481600085741,0.001389795369021632,0.0258374594023542,-0.024820696325816544
ssirt0979.mp4,80,0.5549279999504596,0.7666132724678816,0.34701750934206954,1.3084807498516413,0.7445110319597048,0.6880807753580065,0.6355230237013348,0.6864511086808751,0.33110997333462133,0.5968786758528025,1.076591269399202,1.0875598364420045,0.4591991937596407,0.40363838449771167,0.47088082347620186,0.35435647370632817,0.27040739642307005,0.09582061146058828,6.813847758284715,0.002704001867612298,-5.5591814760850384e-05,0.002672006578541305,-0.0037154529433690653,-0.006541579061071118,0.00976881557415334
ssirt0979.mp4,81,0.5536679642798806,0.7217641706095376,0.3159466011718706,1.2353303704822254,0.7364582127370385,0.6264972374347904,0.6328923490155521,0.6490375584054471,0.30978381940708305,0.5518907563141204,1.0234087520547235,1.0393343539693833,0.4322637870015546,0.37393722720268824,0.513697095745099,0.3556213206099292,0.2344202662341777,0.08336484465592946,7.06641071567377,-0.0011766267555857685,-0.0004859284527657066,-0.0038806286231980666,-0.0004303366380048562,0.011700192017210892,0.013713414468912638
ssirt0979.mp4,82,0.5898085740834537,0.7781133315190218,0.3814107630782847,1.2912412866688359,0.7701277884254768,0.6854456516118576,0.6836981031109782,0.6424371435051168,0.3084633686435836,0.5509051374688281,1.0601116297887738,1.046061830604935,0.4057870455111341,0.3272654837298079,0.4228098731940705,0.34311166736822163,0.2347612411525695,0.08054932088529129,6.94571823360909,0.0012422170981813041,-0.004018408336759658,0.0024188438537670726,-0.0035324798839939512,-0.019510279011741783,-0.026184621135678102
ssirt0979.mp4,83,0.6428924477767254,0.8936575755406001,0.5264247558093571,1.3815410756115314,0.8031243834936832,0.7538019990138977,1.1693861497194322,0.3730278671460209,0.4203900570991765,0.6053746366877624,1.1653203271658548,0.7865071880925608,0.40566404042559673,0.3273004244321637,0.43565748819452504,0.35024205638164113,0.23869984387466306,0.08360272417663868,6.918334171212497,0.007596081566567132,-0.0011358327620202525,0.006353864468385827,0.0028825755747394054,-0.029986778519249236,-0.046751218621450805
ssirt0979.mp4,84,0.7531946795779804,0.5870587595481395,0.2641636902628153,1.6297147646824295,0.8853522871166999,0.9643697763577249,1.8296161950464245,1.026421359385805,1.1554167261588244,0.6191468104994836,1.1668056863607117,0.4848567616528897,0.3691510845658191,0.3056853301751394,0.25210691078294695,0.35319641378005573,0.25293814920634206,0.08933684720784467,6.622646659032106,0.0024856340197027707,-0.007729061986768446,-0.005110447546864362,-0.006593229224748194,0.10059316304577608,0.12742497781278936
ssirt0979.mp4,85,,,,,,,,,,,,,,,,0.35555705086239525,0.2509481706013402,0.08922639145832577,6.641172536244909,0.00015477721088092875,0.00032335239017372325,-0.002330856808821842,0.00805241437694217,,
ssirt0979.mp4,86,,,,,,,,,,,,,,,,0.3562335814157322,0.2500855119093028,0.08908885756763768,6.660180732742229,0.0019333153421147535,-0.0008086809312697212,0.0017785381312338247,-0.0011320333214434445,,
ssirt0979.mp4,87,1.3247862640831973,0.18353769905604697,0.5630181492477604,1.8465114717726592,0.9047042647909357,1.1196596575553723,2.3786550776790643,1.4503171314725913,1.6740356813821529,0.463391290812521,0.9095030310792693,0.2536312258498411,0.21819281722309591,0.22834929779688393,0.03035262337091752,0.32579882204397087,0.2655018572073082,0.08650019232862756,6.749668587776933,0.0034486922207396607,0.028060068485817578,0.0015153768786249071,0.028868749417087298,,
ssirt0979.mp4,88,1.445346839564151,0.35212215120807466,0.6924038191224252,2.0088589980820153,1.081628554075794,1.2979434498205675,2.272732794612371,1.3157902843853702,1.567480645362519,0.5284960368298315,0.9574009880864471,0.4544878270550307,0.35758941285651863,0.2897436179440189,0.1081272796085096,0.32699624560940693,0.2794419874504112,0.09137648076191547,6.851097706700506,0.004555729222596019,0.011677480628686052,0.0011070370018563588,-0.016382587857131526,-0.02496261183437846,0.10142456279682392
ssirt0979.mp4,89,1.6850146378735418,0.7604161868604445,0.9642609537523061,1.9267459743429491,1.0536670310035599,1.227804260089494,2.1057818174009735,1.1744706631355113,1.4031553230238862,0.6256686403641869,0.7310687484241322,0.5065327184115455,0.3934258104528383,0.32770764243929423,0.13427465954199946,0.3121444826320113,0.37037970658895897,0.11561198189060673,6.492075865449736,0.012126614499019745,-0.01371038130803427,0.007570885276423725,-0.025387861936720324,-0.14237102683605185,0.17516413456685964
ssirt0979.mp4,90,1.713380681768998,0.8121983232375073,1.004639444965875,1.9428316407182828,1.056417579429236,1.2434101132955913,2.0989319166230405,1.1623628995267132,1.39820858270311,0.6682918676675794,0.71802860624329,0.5228514698684951,0.40795937824191125,0.3298977191682957,0.1749943943259497,0.31171923083396297,0.37055331496132365,0.11550859432271904,6.412675476368038,-0.0012810113861798833,-0.004306965850069048,-0.013407625885199628,0.009403415457965223,-0.02473222268408182,0.018737475953258163
ssirt0979.mp4,91,1.6566875294791246,0.8472281240344489,0.9865844320887274,1.8739635495539353,1.0520592146311372,1.2048881249007886,1.8597943405784592,0.9543363516885127,1.171180298009056,0.8423354487231451,0.7126623059485677,0.6227401026851435,0.5320013329600616,0.4826738776667901,0.6513574931370268,0.2995361543018974,0.3843736812186898,0.1151338142871098,5.994836715556354,0.006187888906330051,-0.007989823592696668,0.007468900292509934,-0.0036828577426276194,-0.07249767956946429,-0.02472422744416285
ssirt0979.mp4,92,1.6567145130390102,0.8576464637584276,0.9885263457234489,1.8717309434509295,1.0507562319923642,1.2020110584265415,1.8470611150682703,0.9556103234398838,1.1615675627905582,0.8519297385378628,0.7089731687599187,0.6235247331508068,0.5461601010100829,0.4935473358244065,0.6380235329692271,0.293672922843155,0.38127281615202113,0.11196950232000492,5.993988627630184,-0.008894690361736061,0.00239184782861305,-0.015082579268066113,0.010381671421309718,-0.006211670213888348,0.000714732368545836
ssirt0979.mp4,93,1.0968569371167143,0.3947614676310385,0.341759236374246,1.793228800852725,1.014211388034517,1.1237656731078003,1.1165122236040383,0.25120129776004274,0.34054174719036745,0.8355328507728289,1.032967479330762,1.0533751456647011,1.0390281135858688,0.8918778002275689,1.5502120376254633,0.3025972518751773,0.3309933874397665,0.10015768942812915,6.1527809852222175,-0.01348001522672275,-0.014013136730867798,-0.004585324864986688,-0.016404984559480848,0.09724799674388904,-0.36115508639030813
ssirt0979.mp4,94,0.9859494831553387,0.47803885708726107,0.2918088753369553,1.8058274989584011,1.0207407250417448,1.138669829110258,1.0087932848962453,0.3247851385808397,0.2612439134105835,0.8244994608526736,1.126762752655671,1.1301266738821973,1.07403431269844,0.9138463150234496,1.6569106955830315,0.30049210867974807,0.32323884026956023,0.09713072071979642,6.100006839852425,-0.012628540596320948,-0.01094638827341386,0.0008514746304018016,0.003066748457453937,-0.002852827843718867,-0.12318707985363417
ssirt0979.mp4,95,0.9686933578857237,0.4840237034580577,0.29728193361598954,1.78125742737955,1.0054650163902121,1.1185191327568116,0.9995329977721532,0.3366629242526618,0.26827240423082,0.818976754961442,1.1355898143924672,1.1266805922748997,1.0631796305148964,0.9118471207815604,1.7472260514222164,0.2934679317527307,0.3310850231353363,0.09716283697383214,5.66717857238338,0.00011398321731541265,-0.00793103224902909,0.01274252381363636,0.0030153560243847705,0.008919531733813256,-0.024514247195764633
ssirt0979.mp4,96,0.9681505130161961,0.4839176704225504,0.29819431644658845,1.77621455455934,0.9978061791931446,1.1135091937432133,1.0007937149425934,0.3348030491865293,0.2704782491815276,0.82790086991245,1.1379804932907192,1.127780336314272,1.065151762054555,0.9134751497917836,1.765675996456023,0.3040332916451438,0.3334501998888646,0.10137996187194268,5.896101882205756,-0.004117393762323415,0.0062908737430276826,-0.004231376979638828,0.014221905992056773,0.0022782225748055086,-0.00012119100508774426
ssirt0979.mp4,97,0.947913056318751,0.505328311177449,0.2994580994160085,1.7628710965027472,0.9475658932684096,1.0817172265418527,0.9903646578744456,0.34975070081263043,0.27256762050915384,0.8140400386928778,1.1238286160362312,1.1071578384321512,1.0392182560723495,0.8878593430613932,1.809528571260803,0.2735317817697965,0.327651944834922,0.08962322027103528,5.618130009811489,0.002136885368828947,-0.0006637022776664116,0.006254279131152361,-0.0069545760206940945,0.005369855610840986,-0.018275645647412384
ssirt0979.mp4,98,0.9815931281491644,0.5095942615483233,0.33565241284400676,1.7725586607323036,0.9564415593474994,1.0932601763196295,1.0081534806947405,0.36348159295670496,0.3023992326480593,0.8190060197216422,1.1267575543345236,1.117082163893389,1.0512546530342124,0.8989419808640092,1.8241203603659772,0.27295300367520275,0.3282832199649307,0.08960589094559512,5.709409350864943,0.007871241052577672,-0.001435188685390731,0.005734355683748726,-0.0007714864077243193,0.0025540583520099807,0.0016011519942992281
ssirt0979.mp4,99,0.98948541153151,0.4990460709584474,0.32685420176139035,1.7832170123519424,0.9695190983915608,1.0952261391635312,1.0115686627346043,0.3580723896939681,0.29467225456082274,0.8267707324478135,1.1234602769329922,1.119099730071694,1.0446241474821492,0.8967694152931955,1.82206898549483,0.2962830452350648,0.2689489727360645,0.07968502065508361,6.142552414066053,0.010592440388065628,0.03364944551596336,0.0027211993354879557,0.0350846342013541,-0.0004031284127564975,0.013143332822585013
ssirt0979.mp4,100,1.0059289747469051,0.5029091534327268,0.34055983510867865,1.8047276324036312,0.9857534453510323,1.1100910893788851,1.0267571833182103,0.3593644752821095,0.30387036089273944,0.8277632362785623,1.1269728798980367,1.12039716368156,1.04686365695036,0.8975309181817689,1.8226218443273368,0.31624292257415354,0.2189486287619662,0.06924095425328756,6.777741493838093,0.0024068456203654503,0.019480131780317038,-0.008185594767700179,-0.014169313735646324,-0.0035919667341226123,0.006387986294206691
ssirt0979.mp4,101,1.0001634528432954,0.49644321094135463,0.33474811676124255,1.8009913993906008,0.9872271795812678,1.1108261490315807,1.0152998806047235,0.35842774196488675,0.2975622705422386,0.8338371785809633,1.1290128210856474,1.1261898068825453,1.0502578194463477,0.8989897536918959,1.826287294007287,0.3152244464897037,0.22013319096094447,0.06939136327467597,6.804676349203309,0.0015253754064595926,0.00122781921809973,-0.0008814702139058577,-0.018252312562217307,0.002892804043313718,-0.00011866619248155772
ssirt0979.mp4,102,1.0285372262582568,0.5038302820778872,0.3598003505729343,1.8522497477628808,1.0277836720398443,1.1599200917472485,1.0353723958053227,0.3611852216914857,0.31265009995381093,0.8422068346310392,1.1477058909865243,1.1444355278059382,1.0664938469733347,0.9084359841805626,1.8086341105460364,0.3259041080459088,0.19398644717195176,0.06322098003856975,7.089384338721025,0.004326163023511644,0.0062498797789051,0.0028007876170520517,0.00502206056080537,-0.0060092644033081025,0.010897932811657185
ssirt0979.mp4,103,1.0521462306189087,0.5111960128628322,0.38524216158381863,1.900533212109499,1.0710687000293944,1.210731402352994,1.0541801019065127,0.37271576830438397,0.3387167063203127,0.8542652351147965,1.170092710275096,1.1700014923040267,1.0836409056603074,0.9179646534348154,1.7803187989171327,0.32880857970410476,0.18847262742443324,0.0619714169365288,7.2369718761226185,0.0022952620497303624,0.002077494113490916,-0.0020309009737812817,-0.0041723856654141845,0.001179508289098604,0.007314382119554934
ssirt0979.mp4,104,1.137396386156189,0.4267824584020639,0.4140538729562721,2.0153719980025584,1.1683351004518534,1.3187088528440263,1.131119717984969,0.30020838859840526,0.3853517576786091,0.8973172883213792,1.2046580514004417,1.210982870512407,1.1044460678430437,0.9250801625497731,1.7564040754224473,0.3314138190801996,0.1599354730655817,0.05300482593506283,7.436895064213227,0.009239439601476012,0.003582672493724444,0.006944177551745649,0.001505178380233528,0.03170512389867633,0.05572534942786861
ssirt0979.mp4,105,1.2575697408727493,0.3569278609436381,0.4893058325256791,2.181276031367326,1.2891395114768114,1.4733322884996845,1.294131689366812,0.2516187275009749,0.5178708425387032,0.9480294582697263,1.230222359887616,1.2167453550099616,1.1409550265924606,0.9523957165171594,1.6972068061917769,0.3375112181372271,0.18459442737240128,0.06230269004380306,7.267840202586107,-0.001541373050995089,-0.004247974535844405,-0.0107808126524711,-0.007830647029568849,0.037125686162687625,0.07577467593098958
ssirt0979.mp4,106,1.2467793452123705,0.3356560762016723,0.47482000470923447,2.1976478196457547,1.3122725895238867,1.4946128021880027,1.2771424708232082,0.2186014024088299,0.5017732503957985,0.9528248067087746,1.2393571770065905,1.230564791073226,1.1511631759411085,0.9677623772817868,1.6863354018409658,0.32991490005489194,0.18277649690515302,0.060300689708846826,7.142444567411933,-0.006856990389027193,-0.003814638339489516,-0.005315617338032104,0.00043333619635488926,-0.0005703972479033741,0.005462221672010142
ssirt0979.mp4,107,1.2231538615202573,0.3212216982175866,0.45122502677288556,2.197016960570085,1.3114487317350247,1.4944662667174948,1.2618019388143509,0.20397074436400917,0.48669801910163796,0.953881442759448,1.24412736247187,1.2280243897635679,1.1458796720660154,0.9632903385736894,1.6814194895346863,0.32928443778405114,0.18173744830237845,0.059843313488556746,7.1512840692505915,0.00038594317441885336,0.0003615467665025937,0.007242933563446046,0.00417618510599211,0.0005045417190971195,-0.008390688693383476
ssirt0979.mp4,108,2.3799877718616713,1.248445467514043,1.6266507818732383,3.497554961454609,2.5198445146972217,2.797590648855164,2.5096061094921907,1.3756343849840622,1.7682451823435579,1.176133372187897,1.3635565992565988,1.341940529549584,1.2058564041821878,0.9789031234155001,1.4331482840851342,0.34899217458216225,0.16543552498651207,0.05773570361818448,7.41318921305411,0.008332373156313359,-0.006886985972531621,0.007946429981894505,-0.007248532739034215,0.27462491915884896,0.6047655230987444
ssirt0979.mp4,109,2.3996125094972642,1.2795122601235394,1.652328722971859,3.4841543148663088,2.5168669434376016,2.789229314508209,2.547360784534996,1.4281140596550876,1.811507344956556,1.1740543959094532,1.338735117331606,1.3007305783039782,1.1820842416764927,0.9656121365155317,1.4439214181928208,0.3430445694614474,0.16235287797087966,0.05569427312434732,7.616505427233326,0.002450439201724678,0.0033669042630523074,-0.0058819339545886805,0.010253890235583929,0.002406988017711029,0.01563953088570771
ssirt0979.mp4,110,2.394851150697974,1.2736311346509817,1.6467048934893844,3.4900483900500174,2.5205939360091154,2.794181307923257,2.5420812873919374,1.420991221229732,1.8051321783079926,1.1839762741475892,1.3407723133890794,1.3033089790112324,1.186620551619659,0.9689425408305913,1.4310283855676031,0.3465664808925272,0.16356099494053297,0.056684758427820954,7.461164635674544,-0.0018601261183648571,-0.002305860489235129,-0.004310565320089535,-0.005672764752287436,-0.0027154359577428793,-0.0008456018219563483
ssirt0979.mp4,111,,,,,,,,,,,,,,,,0.3520234978395115,0.13554597757413092,0.04771536914372155,7.679267791655266,-0.002336855925522653,-0.007559087013578796,-0.00047672980715779585,-0.005253226524343667,,
ssirt0979.mp4,112,,,,,,,,,,,,,,,,0.3478031588802271,0.1524287482170102,0.05301520013403493,7.62017697683142,-0.0017841373068212486,-0.006499243063102152,0.0005527186187014043,0.001059843950476644,,
ssirt0979.mp4,113,,,,,,,,,,,,,,,,0.35471902259976607,0.13917799153302868,0.04936908112399445,7.752065079400492,-0.00025676219479471904,-0.010417666121515701,0.0015273751120265296,-0.003918423058413549,,
ssirt0979.mp4,114,,,,,,,,,,,,,,,,0.35008486168275127,0.15172344927415735,0.0531160827531733,7.542364974392575,0.001661355385011313,-0.00883589901806811,0.001918117579806032,0.0015817671034475903,,
ssirt0979.mp4,115,,,,,,,,,,,,,,,,0.34884771801540587,0.14520162741818543,0.050653256376957174,7.836112814741606,-0.0011226347052784677,0.005473394107263438,-0.002783990090289781,0.014309293125331548,,
ssirt0979.mp4,116,,,,,,,,,,,,,,,,0.34737348107740795,0.1410562352826854,0.04899919547782032,7.8949458908406305,-0.004038605362986095,-0.003847433510786539,-0.0029159706577076274,-0.009320827618049976,,
ssirt0979.mp4,117,,,,,,,,,,,,,,,,0.34751997083186026,0.1388703155413161,0.0482602080063294,7.808787441090986,-0.0006846991861192507,-0.0004315364613453909,0.0033539061768668443,0.003415897049441148,,
ssirt0979.mp4,118,,,,,,,,,,,,,,,,0.3497993320261006,0.13676382669749346,0.047839895224116594,7.762751910500784,-0.0008942683295342551,0.00350408406494419,-0.00020956914341500432,0.003935620526289581,,
ssirt0979.mp4,119,,,,,,,,,,,,,,,,0.34657627586133716,0.14199130683284217,0.04921081832681087,7.562414618239604,-0.00014157915413914415,-0.0007096955057059641,0.0007526891753951109,-0.004213779570650154,,
ssirt0979.mp4,120,,,,,,,,,,,,,,,,0.3465451244519609,0.14232578274978872,0.04932230609574828,7.621715354986911,1.1998233401622385e-06,0.0010830405350527414,0.00014277897747930638,0.0017927360407587055,,
ssirt0979.mp4,121,,,,,,,,,,,,,,,,0.3466283590398856,0.14133472807834097,0.048990624869143774,7.625755863267898,-0.00041393905235597225,0.0003409497991631419,-0.0004151388756961345,-0.0007420907358895995,,
ssirt0979.mp4,122,,,,,,,,,,,,,,,,0.3426688096501471,0.14065461248678307,0.048197948632648674,7.613847048294209,-0.005117246545791947,0.022466092132867835,-0.004703307493435975,0.022125142333704693,,
ssirt0979.mp4,123,,,,,,,,,,,,,,,,0.3511750958040103,0.14002128911752626,0.04917198962044831,7.712214035037042,0.0023724506846141327,0.009039069103668917,0.00748969723040608,-0.013427023029198917,,
ssirt0979.mp4,124,,,,,,,,,,,,,,,,0.34499784947530987,0.13952381439875602,0.0481354159181631,7.712611233305171,-0.0015109775263776456,0.004855285116523191,-0.0038834282109917783,-0.004183783987145726,,
ssirt0979.mp4,125,,,,,,,,,,,,,,,,0.3521466955758773,0.14293520367865087,0.05033415965690188,7.652176912244069,-0.0018065340091709438,0.00022956619908437497,-0.00029555648279329817,-0.004625718917438816,,
ssirt0979.mp4,126,,,,,,,,,,,,,,,,0.34659383912674074,0.14121000647827353,0.04894251826841675,7.725619121259764,0.007413708418862471,0.0019341152243415283,0.009220242428033414,0.0017045490252571534,,
ssirt0979.mp4,127,,,,,,,,,,,,,,,,0.3487680861983811,0.15066038576202193,0.052545534408130215,7.515965458446974,0.006515440678194343,-0.002451239083951453,-0.0008982677406681287,-0.004385354308292982,,
ssirt0979.mp4,128,,,,,,,,,,,,,,,,0.35179557447446513,0.14893632921642913,0.05239514149681175,7.549297245124854,0.0004307365791182436,-0.00038514329219207854,-0.006084704099076099,0.0020660957917593746,,
ssirt0979.mp4,129,,,,,,,,,,,,,,,,0.349870048369645,0.1487100982288554,0.0520292092603843,7.546759124579921,-0.0006954975961807109,0.00044773407643683617,-0.0011262341752989544,0.0008328773686289147,,
ssirt0979.mp4,130,,,,,,,,,,,,,,,,0.3449040630027134,0.14146056328093165,0.04879032303024578,7.750997769455694,-0.0020376999727088683,-0.009776760487312,-0.0013422023765281574,-0.010224494563748836,,
ssirt0979.mp4,131,,,,,,,,,,,,,,,,0.34299011568393883,0.14743724230054167,0.05056951679278371,7.569470609946686,0.0012706129172318106,-0.0027891893247634445,0.003308312889940679,0.006987571162548556,,
ssirt0979.mp4,132,,,,,,,,,,,,,,,,0.34447665024093344,0.14196119793556702,0.048902317929034246,7.751669412105954,-0.0012538153904695392,-0.0037416490862959405,-0.00252442830770135,-0.000952459761532496,,
ssirt0979.mp4,133,,,,,,,,,,,,,,,,0.34270118742445393,0.15001431343715274,0.05141008334557646,7.5789396374178395,0.0019469133399699257,0.0005569180003915998,0.003200728730439465,0.0042985670866875405,,
ssirt0979.mp4,134,,,,,,,,,,,,,,,,0.34619087408783794,0.15035445718978124,0.05205134095753278,7.501433324341197,0.003370303762515728,-0.004321763671264011,0.0014233904225458022,-0.004878681671655611,,
ssirt0979.mp4,135,,,,,,,,,,,,,,,,0.34648342297711265,0.15044578134490605,0.05212696929284929,7.556568991167881,-0.00043833546027260446,0.007666471202522944,-0.0038086392227883324,0.011988234873786955,,
ssirt0979.mp4,136,,,,,,,,,,,,,,,,0.3481789737804422,0.1496386900425886,0.05210104553687817,7.556966642578592,5.999116700811192e-06,5.159240362697625e-05,0.00044433457697341566,-0.007614878798895968,,
ssirt0979.mp4,137,,,,,,,,,,,,,,,,0.3448441583273796,0.1494637974755207,0.05154171744085985,7.528253470460526,-0.004701307787869037,0.006692614591424966,-0.004707306904569848,0.00664102218779799,,
ssirt0979.mp4,138,,,,,,,,,,,,,,,,0.34640999194448285,0.15247763049968846,0.052819774753110914,7.500291002255174,-0.0010950387684547363,0.003499484742140235,0.0036062690194143014,-0.003193129849284731,,
ssirt0979.mp4,139,,,,,,,,,,,,,,,,0.34384035169140736,0.14693526580521707,0.05052227347033626,7.6352718777132,-0.0009182647963374999,0.0033711036447425027,0.0001767739721172364,-0.00012838109739773213,,
ssirt0979.mp4,140,,,,,,,,,,,,,,,,0.34870489019675954,0.14313949088969583,0.04991344045351145,7.656840267213647,-0.0028595789607200016,0.0006866988916858154,-0.0019413141643825017,-0.0026844047530566874,,
ssirt0979.mp4,141,,,,,,,,,,,,,,,,0.3487342812250587,0.14498400523971894,0.05056089285640353,7.648395492151063,-8.998675051216789e-05,-0.0012630140360774496,0.0027695922102078338,-0.001949712927763265,,
ssirt0979.mp4,142,,,,,,,,,,,,,,,,0.3497021674287909,0.1459455808248488,0.051037485941103404,7.56063318493695,-0.0009446609098210691,-0.003965416139236198,-0.0008546741593089013,-0.0027024021031587485,,
ssirt0979.mp4,143,,,,,,,,,,,,,,,,0.3470185451062538,0.1454515938089863,0.05047440046698022,7.601647238275955,-0.0001407792719123693,-0.0003463490041934995,0.0008038816379086998,0.003619067135042699,,
ssirt0979.mp4,144,,,,,,,,,,,,,,,,0.34517197531031507,0.14674101211572627,0.05065088501102011,7.7398973003669385,0.004550529988121983,-0.0052122325602210855,0.004691309260034352,-0.004865883556027586,,
ssirt0979.mp4,145,,,,,,,,,,,,,,,,0.34550158671342135,0.1435000993871336,0.04957951203178832,7.620415537408518,-0.002727198452188768,-0.0006017114050913626,-0.00727772844031075,0.004610521155129723,,
ssirt0979.mp4,146,,,,,,,,,,,,,,,,0.3504859057170163,0.14488616132741014,0.050780557478699084,7.589316176697766,-0.0009198645607910495,-0.003083945925330713,0.0018073338913977184,-0.0024822345202393506,,
ssirt0979.mp4,147,,,,,,,,,,,,,,,,0.3526031070726751,0.14169313667802316,0.04996144024354419,7.657898569558365,-0.0006067106690087052,0.0025152296620938115,0.0003131538917823443,0.0055991755874245245,,
ssirt0979.mp4,148,,,,,,,,,,,,,,,,0.34663818361088566,0.13779387909935448,0.04776461996369822,7.848421602595927,0.00017637403100384907,0.002432041910508485,0.0007830847000125543,-8.318775158532672e-05,,
ssirt0979.mp4,149,,,,,,,,,,,,,,,,0.34673180313961127,0.14079250772043306,0.0488172400704534,7.691973742962095,0.002576020711328326,-0.0015567707838605044,0.002399646680324477,-0.003988812694368989,,
ssirt0979.mp4,150,,,,,,,,,,,,,,,,0.3450220656294967,0.13868538781209028,0.047849518975555214,7.762775823049731,-0.0014641844161113182,0.0013186058508386726,-0.004040205127439645,0.0028753766346991767,,
ssirt0979.mp4,151,,,,,,,,,,,,,,,,0.3449401590922724,0.14226307951915637,0.049072249282294395,7.697393349734571,0.0030339532861569135,-0.0018311303876442696,0.0044981377022682316,-0.003149736238482942,,
ssirt0979.mp4,152,,,,,,,,,,,,,,,,0.3485367735959727,0.14945138519682968,0.05208930360595193,7.531248823109389,0.0010794410650326273,-0.003149536267925876,-0.0019545122211242862,-0.0013184058802816064,,
ssirt0979.mp4,153,,,,,,,,,,,,,,,,0.3480613620108075,0.14939336620808705,0.05199805851776612,7.519204890930079,0.00040714005342838624,-0.00019257164609641175,-0.000672301011604241,0.002956964621829464,,
ssirt0979.mp4,154,,,,,,,,,,,,,,,,0.3440232156648912,0.1421539740795694,0.04890426728239705,7.652049076442254,-0.0034242958128230284,6.139096090496787e-05,-0.0038314358662514146,0.0002539626070013796,,
ssirt0979.mp4,155,,,,,,,,,,,,,,,,0.3455013378938409,0.1447933514689468,0.05002629665065426,7.590702310798447,0.0005307218574650968,-0.0016279603020430914,0.003955017670288125,-0.0016893512629480593,,
ssirt0979.mp4,156,,,,,,,,,,,,,,,,0.34383652970200546,0.14158583051378396,0.048682380618835785,7.758530497579275,0.002039299737162418,1.579767397843033e-05,0.0015085778796973212,0.0016437579760215217,,
ssirt0979.mp4,157,,,,,,,,,,,,,,,,0.3455827113987574,0.145891983810457,0.050417747336561354,7.549482621572759,-0.0007674869965904452,-0.005957122883905141,-0.002806786733752863,-0.005972920557883571,,
ssirt0979.mp4,158,,,,,,,,,,,,,,,,0.3454098542213621,0.14506867691162256,0.050108150544129426,7.564400144467679,5.1192462513588843e-05,0.0001735744432097647,0.0008186794591040341,0.006130697327114906,,
ssirt0979.mp4,159,,,,,,,,,,,,,,,,0.34545759753803923,0.1453070882948246,0.05019743762757785,7.5680540112764545,-0.00031355383289573166,-9.598586721297908e-05,-0.0003647462954093205,-0.0002695603104227438,,
ssirt0979.mp4,160,,,,,,,,,,,,,,,,0.3453809227904183,0.1385822051713835,0.047863649904423516,7.629724390237805,-0.00049312739280668,0.003538279030138814,-0.00017957355991094832,0.003634264897351793,,
ssirt0979.mp4,161,,,,,,,,,,,,,,,,0.34666974818594154,0.13845001445417895,0.047996431647170185,7.609475593305323,0.0003927421733464394,0.0010018524890350966,0.0008858695661531194,-0.002536426541103717,,
ssirt0979.mp4,162,,,,,,,,,,,,,,,,0.3453030118655505,0.14352283262417764,0.04955886637660383,7.53677603487653,0.0003647462954093205,0.0005245227702079644,-2.7995877937118897e-05,-0.00047732971882713223,,
ssirt0979.mp4,163,,,,,,,,,,,,,,,,0.3451437884092702,0.14349636309853978,0.04952687838278222,7.545100258880022,4.039405245212869e-05,-0.0002863578371853876,-0.0003243522429571918,-0.0008108806073933519,,
ssirt0979.mp4,164,,,,,,,,,,,,,,,,0.34560348451132905,0.14459143881068529,0.04997130508347945,7.537389695962999,0.0001247816273768728,-0.00031995289070993027,8.438757492474411e-05,-3.359505352454269e-05,,
ssirt0979.mp4,165,,,,,,,,,,,,,,,,0.3462739927125196,0.1427123273270388,0.049417567392829743,7.5619873169445455,0.00027835901491763933,0.0012142212202441852,0.00015357738754076652,0.0015341741109541154,,
ssirt0979.mp4,166,,,,,,,,,,,,,,,,0.3467441750475113,0.14482810906494914,0.050218303201416785,7.558728958082009,-0.001869724705086155,-0.0011462312309683251,-0.0021480837200037943,-0.0023604524512125104,,
ssirt0979.mp4,167,,,,,,,,,,,,,,,,0.34500299833015863,0.14425420190061441,0.04976813217743604,7.573424148149536,0.00047872951272473317,-0.00012298189236662944,0.002348454217810888,0.0010232493386016957,,
ssirt0979.mp4,168,,,,,,,,,,,,,,,,0.3495361492718551,0.14472051801942537,0.05058505258913806,7.563661716234701,-0.002341655218883302,-0.0007076958001393994,-0.002820384731608035,-0.00058471390777277,,
ssirt0979.mp4,169,,,,,,,,,,,,,,,,0.3477351078181926,0.14337629739755958,0.04985697223411363,7.5611108902968915,0.001213021396904023,-0.00024156443248562486,0.003554676615787325,0.00046613136765377456,,
ssirt0979.mp4,170,,,,,,,,,,,,,,,,0.34935135629458336,0.14501623850373463,0.050661619606018476,7.523065058449583,0.00010518451282088957,-0.0015645696355719315,-0.0011078368840831334,-0.0013230052030863066,,
ssirt0979.mp4,171,,,,,,,,,,,,,,,,0.3480924234382199,0.14601366782076983,0.05082625148683499,7.509666569128407,0.0013402026709612204,-0.001471583326708613,0.0012350181581403307,9.298630886331858e-05,,
ssirt0979.mp4,172,,,,,,,,,,,,,,,,0.345542282326672,0.14989164936646207,0.051793902623796566,7.424365249711373,0.0013066076174366777,-0.0014015936318665606,-3.359505352454263e-05,6.998969484205229e-05,,
ssirt0979.mp4,173,,,,,,,,,,,,,,,,0.3464795919366269,0.14863944689942965,0.05150053490740031,7.432237298418771,-0.000699497007314585,0.000840476249783648,-0.0020061046247512627,0.0022420698816502087,,
ssirt0979.mp4,174,,,,,,,,,,,,,,,,0.3458080561810703,0.1491964756556865,0.05159334323555932,7.467658235958393,0.0007458901764675249,-4.9792668616360425e-05,0.00144538718378211,-0.0008902689184000084,,
ssirt0979.mp4,175,,,,,,,,,,,,,,,,0.3465008884224414,0.14799912503723478,0.05128182831114585,7.451124864766353,-0.0006619025426561682,0.0006087103745752698,-0.001407792719123693,0.0006585030431916302,,
ssirt0979.mp4,176,,,,,,,,,,,,,,,,0.34550190852057855,0.14702767838110783,0.050798343486022565,7.476404622596851,-0.00012638139183042245,0.001155229906019542,0.0005355211508257457,0.0005465195314442721,,
ssirt0979.mp4,177,,,,,,,,,,,,,,,,0.3456902737079293,0.14826975998263334,0.05125541391100551,7.457733413763176,-0.0005855137899991724,0.00042673716798474195,-0.00045913239816874993,-0.0007284927380348,,
ssirt0979.mp4,178,,,,,,,,,,,,,,,,0.34299034636545495,0.14406588708562368,0.049413208510944585,7.587720541186619,0.0002763593093507023,-0.0005703160276904507,0.0008618730993498747,-0.0009970531956751925,,
ssirt0979.mp4,179,,,,,,,,,,,,,,,,0.3413730706602343,0.14966334188398847,0.051091034584209605,7.382829839061572,0.00172054666979265,-0.006315270150943942,0.0014441873604419478,-0.005744954123253491,,
ssirt0979.mp4,180,,,,,,,,,,,,,,,,0.34218449047287863,0.14939023887416958,0.05111902277077934,7.42231044318925,-0.00027315978044360295,9.198645607873248e-05,-0.001993706450236253,0.006407256607022674,,
ssirt0979.mp4,181,,,,,,,,,,,,,,,,0.3437263609972488,0.1452400955877285,0.04992284952726248,7.48239966403947,0.00014237903636591897,-0.0012492160676652116,0.00041553881680952195,-0.0013412025237439442,,
ssirt0979.mp4,182,,,,,,,,,,,,,,,,0.34430278565800604,0.15044435417812585,0.05179841023004841,7.411489400735991,-0.00032875159520445333,-0.0009056666512661688,-0.00047113063157037233,0.0003435494163990428,,
ssirt0979.mp4,183,,,,,,,,,,,,,,,,0.34557072913231357,0.14606417279078282,0.05047550269141905,7.546448781418004,-0.0006555034848419696,0.0014825817073275118,-0.0003267518896375163,0.0023882483585936807,,
ssirt0979.mp4,184,,,,,,,,,,,,,,,,0.34715746185284707,0.14494407030954892,0.05031841555928361,7.491820235263479,0.001430989303700163,0.0007306924141584308,0.0020864927885421328,-0.0007518892931690811,,
ssirt0979.mp4,185,,,,,,,,,,,,,,,,0.34609011357050196,0.14450256949067714,0.0500109106862578,7.534681098901735,0.00024196437359938475,0.0002721599276605069,-0.0011890249301007782,-0.00045853248649792386,,
ssirt0979.mp4,186,,,,,,,,,,,,,,,,0.34794219198885884,0.14067671782365415,0.048947365561360395,7.623932952488875,-0.0001751742076636868,0.002825983907195459,-0.0004171385812630716,0.0025538239795349525,,
ssirt0979.mp4,187,,,,,,,,,,,,,,,,0.34745031624097633,0.14327476495080094,0.049780862391507336,7.586319002396477,5.239228585375108e-05,-0.0007542889398486606,0.0002275664935174379,-0.0035802728470441195,,
ssirt0979.mp4,188,,,,,,,,,,,,,,,,0.34680656087635875,0.14552512565959055,0.05046906835110255,7.471434400159328,0.0004859284527657066,-0.0017305451976273353,0.0004335361669119555,-0.0009762562577786747,,
ssirt0979.mp4,189,,,,,,,,,,,,,,,,0.34691814723361436,0.14591293242253406,0.05061984417344909,7.500656673214241,0.00013757974300527,0.00026716066374241927,-0.0003483487097604366,0.0019977058613697544,,
ssirt0979.mp4,190,,,,,,,,,,,,,,,,0.34536076655669684,0.14252989598971547,0.0492242341362544,7.516425820545011,0.0003775444110377177,-9.978530778978702e-05,0.0002399646680324477,-0.0003669459715322063,,
ssirt0979.mp4,191,,,,,,,,,,,,,,,,0.3478528601874473,0.14173968110046176,0.04930455347285229,7.496768271249861,-0.000933862499759609,0.0011652284338542272,-0.0013114069107973267,0.0012650137416440142,,
ssirt0979.mp4,192,,,,,,,,,,,,,,,,0.3443376830085846,0.14251015061580993,0.0490716150682524,7.632641304058134,0.0022412699994230614,-0.0005881134072361905,0.0031751324991826702,-0.0017533418410904176,,
ssirt0979.mp4,193,,,,,,,,,,,,,,,,0.3468124996566644,0.13954967160562284,0.0483975704358127,7.671192773671325,-0.0012018230457291755,0.0013210054975186245,-0.003443093045152237,0.001909118904754815,,
ssirt0979.mp4,194,,,,,,,,,,,,,,,,0.3447804901104701,0.13499561929461967,0.0465438557831654,7.753648387922844,-5.879134366794968e-05,0.0022796643463078806,0.0011430317020612259,0.0009586588487892561,,
ssirt0979.mp4,195,,,,,,,,,,,,,,,,0.3442494346181901,0.13342501348372135,0.04593148545569546,7.770976395304678,-0.000610310139029192,0.0005949124061637766,-0.0005515187953612423,-0.001684751940144104,,
ssirt0979.mp4,196,,,,,,,,,,,,,,,,0.34580892860647255,0.1342327467272811,0.04641888232966507,7.828369265795897,0.0009742565522117377,-0.0002475635491868085,0.0015845666912409297,-0.0008424759553505852,,
ssirt0979.mp4,197,,,,,,,,,,,,,,,,0.3468703119816851,0.148558507543844,0.05153053585926669,7.477646087282466,8.358769269796928e-05,-0.007758457658602422,-0.0008906688595137684,-0.0075108941094156135,,
ssirt0979.mp4,198,,,,,,,,,,,,,,,,0.346680011825566,0.14347820152690596,0.0497410246020587,7.519247245447825,-8.918686828539306e-05,0.00041513887569650696,-0.00017277456098336235,0.008173596534298928,,
ssirt0979.mp4,199,,,,,,,,,,,,,,,,0.34804027772246926,0.14946205481858088,0.052018815068029814,7.565856280452095,0.0012986087951689295,-0.0008454755137013632,0.0013877956634543226,-0.00126061438939787,,
ssirt0979.mp4,200,,,,,,,,,,,,,,,,0.34517074582967544,0.14651412461461075,0.0505723896678072,7.523037532481787,0.00031995289070993027,0.0008572737765462919,-0.0009786559044589992,0.001702749290247655,,
ssirt0979.mp4,201,,,,,,,,,,,,,,,,0.3455463095734944,0.146136372830414,0.05049688432600583,7.554919552309621,0.0013566002566101044,-0.00011278339397562289,0.0010366473659001742,-0.0009700571705219148,,
ssirt0979.mp4,202,,,,,,,,,,,,,,,,0.3468489381743783,0.14490658492384148,0.05026069511530979,7.561749296493008,-0.001966510454525909,0.0019267163137442337,-0.0033231107111360136,0.0020394997077198564,,
ssirt0979.mp4,203,,,,,,,,,,,,,,,,0.34781891670841913,0.14660757472506933,0.050992887822122225,7.549188103072047,0.000743090588673813,-0.0003267518896375163,0.002709601043199722,-0.00225346820338175,,
ssirt0979.mp4,204,,,,,,,,,,,,,,,,0.34750300277130153,0.14631501089923094,0.05084490563799846,7.567049314670643,0.0002523628425474575,3.239523018438044e-05,-0.0004907277461263555,0.00035914711982189674,,
ssirt0979.mp4,205,,,,,,,,,,,,,,,,0.34719859850663826,0.14568593802932767,0.050581953505907516,7.564605929697602,-0.0002539626070010071,-5.499190309076926e-05,-0.0005063254495484646,-8.73871332751497e-05,,
ssirt0979.mp4,206,,,,,,,,,,,,,,,,0.3487887288979723,0.1451812955014166,0.0506375995177,7.567383332200368,-0.0011894248712141658,0.0020622963511821944,-0.0009354622642131587,0.0021172882542729635,,
ssirt0979.mp4,207,,,,,,,,,,,,,,,,0.34865609974974837,0.14404993873838012,0.050223889809713804,7.544784929014084,-0.002013303564792236,0.0007634875854565711,-0.0008238786935780703,-0.0012988087657256234,,
ssirt0979.mp4,208,,,,,,,,,,,,,,,,0.3461225694481865,0.14270335077708762,0.04939285043983142,7.5543623810722975,-0.0012590146249435755,0.0023780498602011843,0.0007542889398486606,0.0016145622747446133,,
ssirt0979.mp4,209,,,,,,,,,,,,,,,,0.3457826723320232,0.14273415551852714,0.04935499772825091,7.549538212354424,0.0005243227996508983,-0.0009620583482534216,0.0017833374245944738,-0.0033401082084546056,,
ssirt0979.mp4,210,,,,,,,,,,,,,,,,0.3466113012904519,0.14374773436240817,0.04982458926490851,7.596746986798092,-0.0014361885381741994,0.0022588674084121074,-0.0019605113378250976,0.003220925756665529,,
ssirt0979.mp4,211,,,,,,,,,,,,,,,,0.347408056681449,0.14662839661000815,0.05093988632059969,7.57640081994465,0.001775738543440113,-0.001240017422057301,0.0032119270816143124,-0.0034988848304694084,,
ssirt0979.mp4,212,,,,,,,,,,,,,,,,0.3480324462230128,0.14775743939779104,0.051424383081261786,7.57613242245896,0.0010178501335709655,-0.0008610732171234723,-0.0007578884098691475,0.0003789442049338287,,
ssirt0979.mp4,213,,,,,,,,,,,,,,,,0.3469709100531501,0.14480097302481953,0.05024172538700328,7.522759361514151,0.00027275983933021554,0.00041053955289255175,-0.0007450902942407499,0.0012716127700160241,,
ssirt0979.mp4,214,,,,,,,,,,,,,,,,0.3448274796167122,0.14708977716419208,0.05072059713691218,7.497303287071538,-0.0014349887148340371,0.003154135590729831,-0.0017077485541642527,0.0027435960378372794,,
ssirt0979.mp4,215,,,,,,,,,,,,,,,,0.3477029410483187,0.14940318574530856,0.051947927085632034,7.485323909334027,0.0015245755242328178,-0.0005301219457953881,0.002959564239066855,-0.003684257536525219,,
ssirt0979.mp4,216,,,,,,,,,,,,,,,,0.3467948859380313,0.14781412818892228,0.051261183725306844,7.523112541393538,0.0013430022587549322,0.00040993964122247064,-0.00018157326547788553,0.0009400615870178588,,
ssirt0979.mp4,217,,,,,,,,,,,,,,,,0.34904758857684265,0.14569622769284668,0.050854916940930736,7.544554226968464,-0.0021852782435488236,0.0006705012765936252,-0.003528280502303756,0.00026056163537115453,,
ssirt0979.mp4,218,,,,,,,,,,,,,,,,0.3457006985687126,0.14847569659077867,0.05132815203190841,7.5374204866792525,-0.0021416846621895957,0.00021636814234259034,4.3593581359227876e-05,-0.00045413313425103483,,
ssirt0979.mp4,219,,,,,,,,,,,,,,,,0.3489664833975309,0.14799625441036005,0.05164573245758967,7.499122529309663,0.0016957503207626304,-0.0011854254600799192,0.0038374349829522264,-0.0014017936024225096,,
ssirt0979.mp4,220,,,,,,,,,,,,,,,,0.34893457761643637,0.14712056870766066,0.05133545350069748,7.4964062581401025,0.00031915300848315545,8.278781047119445e-05,-0.001376597312279475,0.0012682132705511137,,
ssirt0979.mp4,221,,,,,,,,,,,,,,,,0.3454237243770638,0.14697770560793463,0.05076958647148844,7.463017310906327,0.0009414613809139697,0.0008694719805042354,0.0006223083724308143,0.000786684170033041,,
ssirt0979.mp4,222,,,,,,,,,,,,,,,,0.34548137657405187,0.14655607936332138,0.05063239604373627,7.526475594386409,0.0005751153210510996,0.000880670331679083,-0.0003663460598628701,1.119835117484758e-05,,
ssirt0979.mp4,223,,,,,,,,,,,,,,,,0.3444272211578726,0.14784630363310236,0.05092229151881253,7.512770221775561,0.0009554593198825292,-0.00013178059686115253,0.00038034399883142957,-0.0010124509285402356,,
ssirt0979.mp4,224,,,,,,,,,,,,,,,,0.3436176443809851,0.14802290267073495,0.050863281130153766,7.5199602096203,-0.0009898542556338466,0.0006247080191107663,-0.0019453135755163758,0.0007564886159719189,,
ssirt0979.mp4,225,,,,,,,,,,,,,,,,0.3464431364949236,0.14841019965330038,0.051415695055727205,7.53454149086168,-4.279369913245317e-05,-0.000198570762796478,0.0009470605565013935,-0.0008232787819072443,,
ssirt0979.mp4,226,,,,,,,,,,,,,,,,0.3448223522144947,0.14891042225441478,0.051347642071020945,7.534563700761931,-0.0007842845233527165,0.0007452902647974438,-0.0007414908242202634,0.0009438610275939218,,
ssirt0979.mp4,227,,,,,,,,,,,,,,,,0.3454559415838033,0.14657419146337433,0.05063492532386465,7.544991827386067,-0.001240217392614367,0.0016199614797753432,-0.00045593286926165055,0.0008746712149778995,,
ssirt0979.mp4,228,,,,,,,,,,,,,,,,0.3481895212731226,0.14567399451620672,0.050722158412541504,7.631031957317163,0.00158296692678738,0.0004971268039405542,0.002823184319401747,-0.001122834675834789,,
ssirt0979.mp4,229,,,,,,,,,,,,,,,,0.3498700095844594,0.14479487628658003,0.05065938475416637,7.76206008660921,-0.0034270954006167405,0.002177279421281448,-0.00501006232740412,0.0016801526173408938,,
ssirt0979.mp4,230,,,,,,,,,,,,,,,,0.3452671555333857,0.14659408734913312,0.05061412355704788,7.714871676256372,-0.0001403793307989819,-0.0005567180298356511,0.0032867160698177586,-0.002733997451117099,,
ssirt0979.mp4,231,,,,,,,,,,,,,,,,0.3488430555519485,0.14821259063835296,0.05170293298955316,7.665795816132065,0.00209929090417053,-5.999116700773945e-05,0.0022396702349695118,0.0004967268628279116,,
ssirt0979.mp4,232,,,,,,,,,,,,,,,,0.347357548170305,0.14948118550362516,0.05192341809412977,7.676074910548522,0.000713095005169757,-0.0009216642958016653,-0.001386195899000773,-0.0008616731287939258,,
ssirt0979.mp4,233,,,,,,,,,,,,,,,,0.3456883116519632,0.14681837440951442,0.05075339596911084,7.7907761627623735,-0.0024048459147985135,0.000886469477823573,-0.0031179409199682704,0.0018081337736252383,,
ssirt0979.mp4,234,,,,,,,,,,,,,,,,0.34823541726828877,0.14956438936197208,0.05208361753794316,7.668312258387712,0.00043833546027260446,-0.0013593998444041886,0.002843181375071118,-0.0022458693222277616,,
ssirt0979.mp4,235,,,,,,,,,,,,,,,,0.34812982729141057,0.1479140419304246,0.051493289871213176,7.698400160155696,-0.0003219525962768673,0.0009182647963374999,-0.0007602880565494717,0.0022776646407416884,,
ssirt0979.mp4,236,,,,,,,,,,,,,,,,0.3477418125918111,0.1472545854472267,0.051206576455874335,7.705755172913558,0.00017357444321013717,0.00022636667017764814,0.0004955270394870045,-0.0006918981261598517,,
ssirt0979.mp4,237,,,,,,,,,,,,,,,,0.34818594573188394,0.14992463020944177,0.05220164915797746,7.6158070584044175,0.0008394763970001795,-0.002152483072251428,0.0006659019537900424,-0.0023788497424290763,,
ssirt0979.mp4,238,,,,,,,,,,,,,,,,0.3478549517658963,0.1494547078950926,0.05198856020603356,7.632151072487303,0.0012310187470064566,-0.00021376852510519967,0.00039154235000627715,0.0019387145471462285,,
ssirt0979.mp4,239,,,,,,,,,,,,,,,,0.34713549771563623,0.14804183792755304,0.05139057709171868,7.624060992300764,-0.00013358033187139588,0.00020476985005435537,-0.0013645990788778526,0.00041853837515955504,,
ssirt0979.mp4,240,,,,,,,,,,,,,,,,0.3479873162414501,0.14887306434235406,0.051805938121136506,7.618912632378858,0.0017685396033991394,-0.0014817818251003645,0.0019021199352705354,-0.0016865516751547198,,
ssirt0979.mp4,241,,,,,,,,,,,,,,,,0.3477874020756872,0.14959735194188692,0.05202807438927111,7.597113810250392,0.000709095594035883,-0.00012098218680006485,-0.0010594440093632564,0.0013607996383002995,,
ssirt0979.mp4,242,,,,,,,,,,,,,,,,0.3476769110402316,0.14876836188823442,0.05172332452181665,7.60591572940201,0.0006071106101220926,-0.0007694867021570098,-0.00010198498391379035,-0.000648504515356945,,
ssirt0979.mp4,243,,,,,,,,,,,,,,,,0.34966459134727945,0.14972597882684033,0.05235387320055854,7.585684503744497,0.00013597997855172036,-0.0005083251551157742,-0.0004711306315703722,0.00026116154704123565,,
ssirt0979.mp4,244,,,,,,,,,,,,,,,,0.34935737643643255,0.148990579982089,0.05205095813628508,7.594859052777315,-0.0005963122000606325,0.00012558150960364763,-0.0007322921786123529,0.0006339066647194218,,
ssirt0979.mp4,245,,,,,,,,,,,,,,,,0.34807539128550485,0.14597050100858414,0.050808739254704104,7.5679468222145285,-0.0007286927085918661,0.0008372767208769212,-0.0001323805085312336,0.0007116952112732735,,
ssirt0979.mp4,246,,,,,,,,,,,,,,,,0.3488763834313758,0.14201065383274378,0.049544163317892694,7.691827290982194,0.001213021396904023,0.002975961824715739,0.0019417141054958891,0.0021386851038388177,,
ssirt0979.mp4,247,,,,,,,,,,,,,,,,0.34928193993334045,0.14508435600562736,0.05067534531962491,7.642704605697215,0.00048112915940505763,-0.001896920700796499,-0.0007318922374989654,-0.004872882525512238,,
ssirt0979.mp4,248,,,,,,,,,,,,,,,,0.34686947759666525,0.14778372775469245,0.051261664443557974,7.535605157005222,-0.0005571179709486661,-0.003177932086976755,-0.0010382471303537236,-0.0012810113861802558,,
ssirt0979.mp4,249,,,,,,,,,,,,,,,,0.34573103033578323,0.14650697219345654,0.05065200644781968,7.571441006728446,0.00165095691606324,0.0010212496330351312,0.002208074887011906,0.004199181720011886,,
ssirt0979.mp4,250,,,,,,,,,,,,,,,,0.34418046870826313,0.14793350209678155,0.0509158220893251,7.597419521606164,-0.0006671017771302046,-0.0009026670929157632,-0.002318058693193445,-0.0019239167259508944,,
ssirt0979.mp4,251,,,,,,,,,,,,,,,,0.3456181612828274,0.14694701792803877,0.05078755814228343,7.554544696227132,0.001023049368045002,0.00033595053524579924,0.0016901511451752067,0.0012386176281615625,,
ssirt0979.mp4,252,,,,,,,,,,,,,,,,0.34318898338211645,0.14436038094154957,0.049542892375985456,7.624280464510852,-0.002874776723028723,0.004085998384922131,-0.003897826091073725,0.0037500478496763317,,
ssirt0979.mp4,253,,,,,,,,,,,,,,,,0.34513978968560266,0.14355796550639008,0.049547566022568476,7.603882874854605,0.0008062812845890243,0.00013218053797453994,0.0036810580076177477,-0.003953817846947591,,
ssirt0979.mp4,254,,,,,,,,,,,,,,,,0.3404653756952359,0.14537458667957462,0.049495013270401005,7.560539337123524,0.000456332810375038,-0.00033515065301865194,-0.00034994847421398627,-0.0004673311909931919,,
ssirt0979.mp4,255,,,,,,,,,,,,,,,,0.34048534835549155,0.14640410789288175,0.04984845367658281,7.545012346191182,0.00029155707165942396,-0.00036814579487274104,-0.00016477573871561405,-3.2995141854089095e-05,,
ssirt0979.mp4,256,,,,,,,,,,,,,,,,0.3422959562571772,0.14526704695923479,0.04972432275156753,7.621544576135349,-0.002562422713473154,0.0008214790468973734,-0.002853979785132578,0.0011896248417701144,,
ssirt0979.mp4,257,,,,,,,,,,,,,,,,0.34442771411935974,0.14656260941005753,0.05048022453447468,7.6149742236888684,9.598586721297908e-05,0.00018237314770466024,0.002658408580686133,-0.0006391058991927132,,
ssirt0979.mp4,258,,,,,,,,,,,,,,,,0.3435171559790404,0.14438532564714532,0.04959883643141497,7.576686681120545,-0.0009346623819863838,0.00021776793623944627,-0.0010306482491993629,3.539478853478603e-05,,
ssirt0979.mp4,259,,,,,,,,,,,,,,,,0.3427455027314256,0.14223149787539976,0.04874920624354759,7.593293693498688,-0.0018541270016640458,0.0004591323981691224,-0.000919464619677662,0.00024136446192967614,,
ssirt0979.mp4,260,,,,,,,,,,,,,,,,0.34262491576970944,0.14221548229767683,0.04872656764339013,7.596115151914011,0.0014353886559474245,-0.0002817585143818048,0.0032895156576114703,-0.0007408909125509272,,
ssirt0979.mp4,261,,,,,,,,,,,,,,,,0.3454719209804436,0.14385885501482293,0.049699194992018,7.5967498709967805,0.0018177323603457913,-0.003548077587416433,0.0003823437043983667,-0.003266319073034628,,
ssirt0979.mp4,262,,,,,,,,,,,,,,,,0.3441187244197885,0.1451262051561424,0.04994064459821626,7.561082160920031,-0.0015989645713228764,-0.00022796643463045282,-0.003416696931668668,0.00332011115278598,,
ssirt0979.mp4,263,,,,,,,,,,,,,,,,0.3442389840012611,0.14644883893769167,0.0504133995240753,7.545169947355162,0.001125834234185567,-0.0006155093735036009,0.0027247988055084434,-0.000387542938873148,,
ssirt0979.mp4,264,,,,,,,,,,,,,,,,0.34239607037899994,0.14634274106857173,0.05010717947037045,7.5234143343719255,0.00011318333508863783,0.00033515065301865194,-0.0010126508990969292,0.0009506600265222528,,
ssirt0979.mp4,265,,,,,,,,,,,,,,,,0.34527795803381545,0.14500023921272526,0.05006538650978455,7.6270354821303945,0.0008062812845890243,0.0015365737576348126,0.0006930979495003865,0.0012014231046161606,,
ssirt0979.mp4,266,,,,,,,,,,,,,,,,0.34415792305275794,0.14464041611092718,0.049779145198223365,7.609536255014429,-0.0011254342930721796,0.00014377883026240243,-0.001931715577661204,-0.0013927949273724101,,
ssirt0979.mp4,267,,,,,,,,,,,,,,,,0.34444516735707453,0.14640689106236413,0.05042914609420499,7.597971627355868,0.0010010526068086943,-0.000377344440481024,0.002126486899880874,-0.0005211232707434264,,
ssirt0979.mp4,268,,,,,,,,,,,,,,,,0.3445371650451393,0.14579712148712828,0.05023252690891695,7.604712605230937,-0.0014545858293900204,0.0002837582199487419,-0.0024556384361987147,0.0006611026604297659,,
ssirt0979.mp4,269,,,,,,,,,,,,,,,,0.344336981126214,0.14764015618092216,0.05083796567234149,7.562652028709496,0.001786536953501573,-0.002459837817889655,0.0032411227828915935,-0.002743596037838397,,
ssirt0979.mp4,270,,,,,,,,,,,,,,,,0.3434799614806377,0.14744743919815906,0.05064524073620234,7.564150421246865,0.0003931421144598268,-0.0007398910597663413,-0.0013933948390417463,0.0017199467581233139,,
ssirt0979.mp4,271,,,,,,,,,,,,,,,,0.345566739854808,0.1476707924210239,0.05103011430870932,7.5865475506282065,-8.998675051216789e-05,-0.00024596378473325887,-0.0004831288649719947,0.0004939272750330824,,
ssirt0979.mp4,272,,,,,,,,,,,,,,,,0.3467294257245837,0.14938310092702492,0.05179551679738488,7.588508177344409,0.0007070958884689459,-0.0005331215041454213,0.0007970826389811139,-0.0002871577194121624,,
ssirt0979.mp4,273,,,,,,,,,,,,,,,,0.34836513304309075,0.1490670276354546,0.051929754914563225,7.599366127278158,0.00015357738754076652,0.0005635170287624922,-0.0005535185009281794,0.0010966385329079136,,
ssirt0979.mp4,274,,,,,,,,,,,,,,,,0.3485196514332563,0.1500206253545299,0.05228513605635989,7.631219237086145,-0.0012470163915419533,0.001236018010924172,-0.0014005937790827197,0.0006725009821616797,,
ssirt0979.mp4,275,,,,,,,,,,,,,,,,0.34920560377221915,0.15124127893135247,0.052814302124505545,7.613299313570707,0.0010642433027239055,-0.0003909424383365685,0.0023112596942658587,-0.0016269604492607404,,
ssirt0979.mp4,276,,,,,,,,,,,,,,,,0.34536855172401415,0.1449665514164778,0.05006688791113377,7.613366675167478,-0.0003443492986265624,0.0034086981094012918,-0.0014085926013504679,0.0037996405477378602,,
ssirt0979.mp4,277,,,,,,,,,,,,,,,,0.3445121732426006,0.1468728159069939,0.05059947299837886,7.614253207504357,0.004058602418655465,-0.002330856808821842,0.004402951717282028,-0.005739554918223134,,
ssirt0979.mp4,278,,,,,,,,,,,,,,,,0.3449551301263942,0.1450703220381245,0.05004275181613915,7.616316630106135,-0.0011686279333180203,0.0019873073924216817,-0.005227230351973485,0.004318164201243524,,
ssirt0979.mp4,279,,,,,,,,,,,,,,,,0.34675950054846577,0.144496058366649,0.05010538103044117,7.667530316388376,-0.0008394763970001795,0.0006872988033562689,0.0003291515363178408,-0.0013000085890654128,,
ssirt0979.mp4,280,,,,,,,,,,,,,,,,0.34701184686846426,0.14183873028042374,0.049219719752087804,7.697012970772081,-0.0009950534901078832,-0.001260814359953819,-0.00015557709310770368,-0.001948113163310088,,
ssirt0979.mp4,281,,,,,,,,,,,,,,,,0.3490074371884867,0.14526214427437173,0.050697568693702684,7.640453597496796,-0.002048098441656941,0.00013438021409817072,-0.0010530449515490578,0.0013951945740519897,,
ssirt0979.mp4,282,,,,,,,,,,,,,,,,0.3466721643981598,0.13934362990979762,0.0483065577759257,7.768954187408825,0.0033003140676729306,4.859284527657066e-05,0.005348412509329872,-8.578736882160006e-05,,
ssirt0979.mp4,283,,,,,,,,,,,,,,,,0.34867674987277686,0.14192968061934666,0.04948757974883504,7.668763416552782,-0.0017549416055439675,-3.9594170224981396e-05,-0.005055255673216898,-8.818701550155206e-05,,
ssirt0979.mp4,284,,,,,,,,,,,,,,,,0.34499063391768414,0.14209080899550278,0.04901999826923508,7.862500795755647,0.0008706718038443977,-0.00023236578687808686,0.002625613409388365,-0.00019277161665310548,,
ssirt0979.mp4,285,,,,,,,,,,,,,,,,0.3461426814802576,0.14720358011361268,0.050953441944019816,7.599420272080715,-0.00041913828683000864,-0.0036822578309579097,-0.0012898100906744063,-0.0034498920440798227,,
ssirt0979.mp4,286,,,,,,,,,,,,,,,,0.34774994409553317,0.14705345358449218,0.051137830263062234,7.655122329267413,0.0007774855244251306,-5.1792374184042436e-05,0.0011966238112551392,0.0036304654567738672,,
ssirt0979.mp4,287,,,,,,,,,,,,,,,,0.34669052822549656,0.14729768258744447,0.05106671138263265,7.606652413931545,-0.0020253017981938584,0.002591418444194114,-0.002802787322618989,0.0026432108183781565,,
ssirt0979.mp4,288,,,,,,,,,,,,,,,,0.34588051883547877,0.1447909753321973,0.050080377670595415,7.611658785226288,0.003548677499086514,0.0002373650507954295,0.005573979297280372,-0.0023540533933986843,,
ssirt0979.mp4,289,,,,,,,,,,,,,,,,0.34126847706981567,0.14588927179564457,0.04978740960652403,7.526649203608503,-0.0028423814928443428,0.001997705861370127,-0.006391058991930857,0.0017603408105746974,,
ssirt0979.mp4,290,,,,,,,,,,,,,,,,0.3417653912101337,0.14455680548842925,0.04940451317984023,7.504933506996006,0.00038474335107869113,0.000984255080046423,0.003227124843923034,-0.001013450781323704,,
ssirt0979.mp4,291,,,,,,,,,,,,,,,,0.34260873386420365,0.14196363739962553,0.048637982064242614,7.554536974436312,0.002142084603302983,0.0003151535973489088,0.0017573412522242917,-0.0006691014826975141,,
ssirt0979.mp4,292,,,,,,,,,,,,,,,,0.34436982476106304,0.14302255928133117,0.04925265367659076,7.592795450387585,2.0796937896145468e-05,-0.0009292631769552812,-0.0021212876654068376,-0.0012444167743041901,,
ssirt0979.mp4,293,,,,,,,,,,,,,,,,0.34398327989525723,0.14371098852614547,0.049434177190213195,7.608457128992749,0.0012930096195815056,-0.0014579853288538135,0.00127221268168536,-0.0005287221518985323,,
ssirt0979.mp4,294,,,,,,,,,,,,,,,,0.3434268839106209,0.14531497707851926,0.049905069763619164,7.5676574085123125,-0.0007486897642612368,-0.001121234911381612,-0.0020416993838427424,0.0003367504174722016,,
ssirt0979.mp4,295,,,,,,,,,,,,,,,,0.34336141741024306,0.14608999440056997,0.050161667546834175,7.5454690369501485,0.0008386765147734047,-0.00046453160319948,0.0015873662790346415,0.000656703308182132,,
